id;name;price;"seller #1";"price #1";"seller #2";"price #2";"seller #3";"price #3";"seller #4";"price #4";"seller #5";"price #5";"seller #6";"price #6";"seller #7";"price #7";"seller #8";"price #8";"seller #9";"price #9";"seller #10";"price #10"
100024876975;"Блюдо прямоугольное Smart cooking 35x23с";499
100024876922;"Блюдо прямоугольное BULK 40x28см 3,7л";599
100024876932;"Блюдо Pyrex Irresistible 39х25см прямоуг";699
100024876972;"Блюдо прямоугольное BULK 31x20см 2,1л";499
100024876916;"Стул IBIZA графит";0
100024876917;"Стойка-ершик напольная с держателем туал";4899
100024876933;"Стойка-ершик напольная с держателем туал";0
100024876945;"Форма для запекания VERDE 30х20см прямоу";0
100024876956;"Контейнер для мусора BULLET BIN 50л";1799
100024877016;"Стул Dante коричневый";0
100024877110;"Салатник ГОРТЕНЗИЯ 25см розовый";0
100024877150;"Банка бежевая с деревянной крышкой МАНИЯ";0
100024877286;"Салатник Ю ЭНД МИ 24см";0
100024876899;"Столовый набор SPRING ROMANCE 19 предмет";4699
100024876901;"Столовый набор LUCKY CHARM 19 предметов";0
100024876908;"Компостер E-COMPOSTER черный";4599
100024876914;"Стеллаж 3-х уровневый в ванную NORWAY";4099
100024876915;"Стул IBIZA капучино";2299
100024876918;"Стойка-ершик напольная с держателем туал";4799
100024876937;"Набор фужеров (бокалов) для вина УЛЬТИМ";1799
100024876962;"Корзина для белья QUADRO серая";3199
100024876996;"Полка для душа 3-х ярусная MILANO с крюч";0
100024877012;"Горшок для цветов подвесной COZY M  дымч";2499
100024877092;"Кашпо квадратное 21,5л антрацит";1999
100024877186;"Угловая корзина Power-Loc Bovino";1899
100024877296;"Нож для фруктов ARISTO 9см";499
100024877297;"Набор крючков 6 шт, под дерево";999
100024877299;"Мыльница PURO";699
100024877300;"Держатель туалетной бумаги STATIC-LOC";699
100024877301;"Мыльница PURO anthracite";699
100024877264;"Нож керамический поварской MIRRORLINE 15";599
100024877265;"Стакан для зубных щеток POTTERY sand";599
100024877266;"Зубочистки пластиковые белые 1000шт в ин";699
100024877267;"Салатник WATER-MELON 22,5см";599
100024877268;"Стакан Nebo серый";899
100024877269;"Стакан Nebo коричневый";899
100024877270;"Держатель туалетной бумаги с крышкой STA";999
100024877271;"Мыльница PURO grey";699
100024877272;"Нож универсальный PRO 20см";499
100024877273;"Нож поварской ARISTO 20см";699
100024877274;"Мыльница PEBBLE STONE";699
100024877275;"Мыльница MELFI";599
100024877276;"Мыльница GRANITE";799
100024877277;"Мыльница Cantaloup бежевая";699
100024877278;"Точилка для ножа";499
100024877279;"Мыльница Cantaloup антрацит";699
100024877281;"Ножницы для птицы VIVA Steel";499
100024877282;"Нож универсальный ARISTO 20см";699
100024877283;"Диспенсер для мыла POTTERY petrol";599
100024877284;"Держатель для кухонных полотенец подвесн";699
100024877285;"Держатель для туалетной бумаги Power-Loc";799
100024877288;"Держатель туалетной бумаги STATIC-LOC";699
100024877289;"Стакан для зубных щеток POTTERY petrol";599
100024877290;"Стакан для зубных щеток PURO";699
100024877291;"Стакан для зубных щеток FOSSIL beige";699
100024877293;"Стакан для зубных щеток MELFI";499
100024877234;"Диспенсер для мыла MELFI";699
100024877235;"Стакан для зубных щеток PURO grey";699
100024877236;"Диспансер для мыла Planet темно-серый";1399
100024877237;"Диспенсер для мыла POLARIS rose";599
100024877238;"Диспенсер для мыла POLARIS purple";799
100024877239;"Диспенсер для мыла POTTERY petrol";699
100024877240;"Керамический стакан Marrakesh";499
100024877241;"Стакан для зубных щеток PALO taupe";799
100024877242;"Стеклоочиститель с распылителем EASY CLE";499
100024877243;"Мыльница Planet темно-серый";1099
100024877244;"Диспенсер для мыла POLARIS blue";599
100024877245;"Топорик кухонный ANTIQUE";499
100024877246;"Диспенсер для мыла керамический POLARIS";699
100024877247;"Стакан для зубных щеток PEBBLE STONE";699
100024877248;"Керамический диспенсер для мыла Sydney б";599
100024877249;"Стакан для зубных щеток FOSSIL beige";699
100024877250;"Кружка модерн ОЛЕНЕНОК 275мл";499
100024877251;"Керамический диспенсер для мыла Sydney с";599
100024877252;"Стакан Vacuum-Loc Quadro";1399
100024877253;"Керамический стакан Sydney белый глянец";499
100024877254;"Кружка классик НОВОГОДНЕЕ ЧУДО 250мл";699
100024877255;"Керамический стакан Сидней Sydney серый";499
100024877256;"Стакан для зубных щеток POTTERY petrol";599
100024877257;"Нож поварской TANGO 20см";599
100024877258;"Стакан Planet темно-серый";999
100024877259;"Корзина Power-Loc Bovino";1299
100024877260;"Стакан для зубных щеток MELFI";599
100024877261;"Нож Сантоку TANGO 18см";499
100024877262;"Нож Сантоку TANGO GOLD 18см";499
100024877263;"Нож для хлеба TANGO 20см";499
100024877204;"Стакан для зубных щеток BAROCK";499
100024877210;"Стакан Cantaloup антрацит";699
100024877211;"Стакан для зубных щеток GRANITE";699
100024877212;"Форма для пиццы АСИМЕТРИЯ BRONZE 32см";0
100024877213;"Кружка классик НЕЖНЫЕ ЦВЕТЫ 250мл";599
100024877214;"Кружка классик ПТИЧКА 250мл";599
100024877215;"Кружка модерн ВЕСЕЛЫЙ СНЕГОВИК 275мл";499
100024877216;"Кружка классик МАКИ 250мл";599
100024877217;"Стакан Cantaloup бежевый";799
100024877218;"Кружка СНЕГОВИК в подарочной упаковке 33";499
100024877219;"Кружка модерн ПТИЧКА 275мл";599
100024877220;"Кружка модерн НЕЖНЫЕ ЦВЕТЫ 275мл";599
100024877221;"Кружка модерн ЛЕОПАРД 275мл";599
100024877222;"Кружка модерн МАКИ 275мл";599
100024877223;"Кружка модерн ЛЕТНИЙ САД 275мл";599
100024877224;"Диспенсер для мыла Vacuum-Loc Quadro";1499
100024877225;"Кружка классик КОТЯТА 250мл";699
100024877226;"Топорик кухонный REDWOOD";499
100024877227;"Набор прямоугольных контейнеров FRESH 2х";699
100024877228;"Полка из нержавеющей стали Power-Loc Bov";1599
100024877229;"Кружка модерн НОВОГОДНИЕ ПОДАРКИ 275мл";499
100024877230;"Термокружка FLEX 330мл";699
100024877231;"Кружка классик ЛЕТНИЙ САД 250мл";599
100024877232;"Керамический диспенсер для мыла Marrakes";699
100024877233;"Диспенсер для мыла PEBBLE STONE";899
100024877173;"Кружка МАКИ 400мл";599
100024877174;"Салатник TROPICAL PARADISE 23см";565
100024877175;"Салатник ROYAL EMPIRE 23см";499
100024877176;"Форма для пирога MAGIC 26см";0
100024877177;"Кружка ОЛЕНЕНОК 400мл";599
100024877178;"Стакан для зубных щеток POTTERY sand";599
100024877179;"Угловая полка Power-Loc Sion малая";1399
100024877180;"Штанга для полотенца TURBO-LOC";2299
100024877181;"Термокружка FLEX 500мл";699
100024877182;"Тарелка овальная SPRING ROMANCE 26см";599
100024877183;"Ершик для унитаза HOME";899
100024877184;"Надверные крючки CELANO матовые";1099
100024877185;"Стакан для зубных щеток PALO taupe";699
100024877187;"Форма для запекания квадратная MAGIC 24х";599
100024877188;"Терка с лазерной заточкой RAZOR";599
100024877189;"Кружка модерн КОТЯТА 275мл";499
100024877190;"Кружка модерн НОВОГОДНЕЕ ЧУДО 275мл";599
100024877191;"Диспенсер для мыла Nebo серый";1099
100024877192;"Диспенсер для мыла Cantaloup антрацит";1099
100024877193;"Диспенсер для мыла POLARIS grey";499
100024877194;"Диспенсер для мыла Nebo коричневый";1099
100024877196;"Кружка ампир ЛЕТНИЙ САД 270мл";599
100024877198;"Коробка Nebo коричневая";1099
100024877199;"Стакан Joy темно-серый";899
100024877200;"Диспенсер для мыла MELFI";699
100024877201;"Диспенсер для мыла GRANITE";999
100024877202;"Набор салфеток DOMENIK для сервировки ст";699
100024877203;"Форма для запекания прямоугольная MAGIC";499
100024877139;"Чайная пара ВЕСЕЛЫЙ СНЕГОВИК 220мл";699
100024877140;"Полка 2-уровневая Bari";1599
100024877142;"Этажерка угловая 3-секции";452
100024877143;"Чайная пара СНЕГИРИ 220мл";699
100024877144;"Полка угловая 2-уровневая Vacuum-Loc Bar";1599
100024877145;"Стакан с насадкой для отжима сока и труб";699
100024877147;"Швабра TWIST";499
100024877148;"Салатник MAGIC METALLIC 23см";535
100024877149;"Тарелка обеденная ROYAL EMPIRE 27см";499
100024877151;"Банка коричневая с деревянной крышкой МА";0
100024877152;"Салатник GOLDEN QUEEN 23см";599
100024877153;"Стакан с насадкой для отжима сока и труб";599
100024877154;"Тарелка обеденная SPRING DREAMING 27см";499
100024877155;"Тарелка обеденная MAGIC METALLIC 27см";499
100024877156;"Тарелка обеденная AESTHETIC 27см";499
100024877158;"Салатник AESTHETIC 23см";499
100024877159;"Коробка INFINITY с крышкой 11л белая";599
100024877160;"Коробка INFINITY с крышкой 11л лазурная";699
100024877161;"Коробка INFINITY с крышкой 11л розовая";599
100024877162;"Салатник WILLOW WHITE 23см";510
100024877163;"Сковорода MILANO 24см";799
100024877166;"Кружка ПТИЧКА 400мл";599
100024877167;"Кружка НЕЖНЫЕ ЦВЕТЫ 400мл";599
100024877168;"Кружка ЛЕОПАРД 400мл";599
100024877169;"Кружка ЛЕТНИЙ САД 400мл";599
100024877170;"Коробка INFINITY перфорированная с крышк";599
100024877171;"Коробка INFINITY перфорированная с крышк";599
100024877172;"Форма со съемным дном MAGIC 26см";899
100024877107;"Ершик для унитаза Cantaloup антрацит";1499
100024877108;"Стакан с насадкой для отжима сока и труб";699
100024877109;"Салатник ЛАВАНДЕР 21см";435
100024877112;"Полка для душа угловая MILANO с крючками";999
100024877113;"Стакан для зубных щеток PURO anthracite";699
100024877114;"Тарелка обеденная КАЛИКО 28см";489
100024877115;"Набор фужеров (бокалов) для шампанского";672
100024877117;"Ершик для унитаза Nebo серый";1699
100024877119;"Салатник FLORAL LACE 24см";699
100024877120;"Полка для ванной с 2-мя уровнями Kuopio";0
100024877121;"Ершик для унитаза Nebo коричневый";1699
100024877122;"Блюдо овальное CITRUS 31см";599
100024877123;"Горшок для цветов подвесной COZY S  дымч";1899
100024877124;"Чайная пара ЛУЧШИЕ ДРУЗЬЯ 300мл";599
100024877125;"Чайник заварочный SPRING ROMANCE 750мл";699
100024877126;"Чайная пара СКАЗОЧНЫЙ ЛЕС 300мл";599
100024877127;"Угловая полка Power-Loc Sion большая";1499
100024877128;"Чайная пара КОТЯТА 220мл";899
100024877129;"Ящик 15л DISNEY ПРИНЦЕССЫ/ФЕИ";699
100024877130;"Ящик 15л DISNEY ТАЧКИ";525
100024877131;"Горшок для цветов подвесной COZY S  темн";1899
100024877132;"Чайная пара ТУФЕЛЬКА в подарочной упаков";599
100024877133;"Полка настенная Power-Loc Sion";1499
100024877134;"Чайная пара НОВОГОДНЕЕ ЧУДО 220мл";899
100024877135;"Чайная пара БЕЛЫЙ ШАР 275мл";0
100024877136;"Чайная пара ОЛЕНЕНОК 220мл";699
100024877137;"Диспенсер для мыла Cantaloup бежевый";1099
100024877138;"Коробка для ватных дисков Planet темно-с";1399
100024877076;"Блюдо ВОСТОК 27,5см";599
100024877077;"Салатник CITRUS 23,5см";499
100024877078;"Чайный набор АРМУАЗ 220мл 4 предмета";442
100024877079;"Блюдо БЕЛЫЕ УЗОРЫ 27,5см";599
100024877081;"Салатник КАРИН ГРАНИТ 27см";354
100024877082;"Набор бокалов для вина ЛАУНЖ КЛАБ 250мл";509
100024877083;"Полка для душа 3-х ярусная RACK Nivala с";0
100024877084;"Чайный набор ЛАТОН 4 предмета";492
100024877085;"Чайный набор ОРБЕА 4 предмета";511
100024877086;"Полка для душа RAGUSA с крючками (навесн";2799
100024877087;"Набор фужеров (бокалов) для вина НИНОН 3";799
100024877088;"Чайник заварочный MEADOW 800мл";899
100024877089;"Набор контейнеров 5шт (500мл+500мл+1100+";699
100024877090;"Корзина Nuance Box M 18л белый";899
100024877091;"Коврик пластмассовый для ванной голубой";999
100024877093;"Диспенсер для мыла POTTERY sand";599
100024877094;"Полка настенная 2-уровневая Power-Loc Bo";0
100024877095;"Блюдо декоративное АРТ 42,5x17см";599
100024877096;"Блюдо ЗОЛОТО 27,5см";599
100024877097;"Чайная пара SWEET MOMENTS 420мл";599
100024877099;"Корзина Nuance Box M 18л коричневый";899
100024877100;"Коврик пластмассовый для ванной белый";999
100024877102;"Ящик ДОМАШНИЙ 15л 410х295х183мм";499
100024877103;"Угловая полка Vacuum-Loc Quadro";2399
100024877104;"Термос-кувшин IRIS 1,0л";0
100024877105;"Набор фужеров (бокалов) для вина НИНОН 2";658
100024877106;"Чайник заварочный CROWN OF FLOWERS 800мл";799
100024877046;"Салатник КВАДРАТО 24см черный";593
100024877047;"Полка настенная 2-уровневая Bari";0
100024877048;"Салатник КВАДРАТО 24см белый";612
100024877049;"Полка угловая 2-уровневая  Power-Loc Bov";0
100024877050;"Ершик для унитаза Sydney серый глянец";1099
100024877051;"Кастрюля с крышкой AUGUSTA 18х10,5см 2л";799
100024877052;"Корзина для белья РОТАНГ 32л латте";599
100024877053;"Подставка кухонная 2-х уровневая, вращаю";0
100024877054;"Полка для душа 3-х ярусная RACK с крючка";0
100024877055;"Полка настенная ваакумная MAXI Milazzo";2099
100024877056;"Набор форм для запекания SMART CUISINE 1";659
100024877057;"Коробка TROLLS 16л";599
100024877058;"Термос-кувшин VOGUE 1л";699
100024877059;"Диспенсер для мыла Joy темно-серый";1299
100024877060;"Салатник ЗОЛОТО 25см";599
100024877061;"Швабра COMFORT";699
100024877062;"Полка угловая 2-уровневая Power-Loc Sion";1999
100024877063;"Салатник БЕЛЫЕ УЗОРЫ 25см";599
100024877064;"Ершик для унитаза Cantaloup бежевый";1499
100024877066;"Свеча в стакане АРОМА ПРЕМИУМ 9/11см 60ч";499
100024877067;"Ершик для унитаза Marrakesh";1199
100024877068;"Чайный набор ФЛОРА 4 предмета";499
100024877069;"Таз Полимербыт C966 30 л";599
100024877070;"Свеча в стакане АРОМА ПРЕМИУМ Ягодный ко";499
100024877071;"Салатник ВОСТОК 25см";0
100024877072;"Блюдо с декором АРТ 34х24см";499
100024877073;"Коврик пластмассовый для душа белый";1099
100024877074;"Коврик пластмассовый для душа голубой";1099
100024877075;"Коврик пластмассовый для душа серый";1099
100024877015;"Ящик для игрушек ШАРИКИ 460х390х480мм 30";559
100024877018;"Ящик для хранения ПРОФИ 15л с вкладышем";468
100024877019;"Полка душевая 3-уровневая Revigo";0
100024877020;"Чайный набор SPRING ROMANCE 250мл 4предм";890
100024877021;"Салатник САЛЕНКО 29см";535
100024877022;"Форма для запекания Red Brick прямоуголь";799
100024877023;"База+ крышка  COOK N SHARE 1,3л";499
100024877024;"Набор фужеров (бокалов) для шампанского";569
100024877025;"Мультибокс 3 ФИКСИКИ";0
100024877026;"Набор детский ДИСНЕЙ МИККИ КОЛОРС 3предм";560
100024877027;"Ершик для унитаза POLARIS grey";1099
100024877029;"Полка Power-Loc Sion большая";2099
100024877031;"Ершик для унитаза Planet темно-серый";2499
100024877032;"Форма для кекса 30см";499
100024877033;"Салатник АЛИЗЕ ГРАНИТ 29см";495
100024877034;"Этажерка угловая 4-секции";560
100024877035;"Кастрюля круглая 1,4л";0
100024877036;"Этажерка ROKSOLANA";699
100024877037;"Сушилка для посуды пластиковая с поддоно";1499
100024877038;"Этажерка TEA PARTY 20/24х";499
100024877039;"Кастрюля круглая O CUISINE 18см 1л";499
100024877040;"Корзина Nuance Box L 30л коричневый";1199
100024877041;"Корзина Nuance Box L 30л белый";1199
100024877042;"Чайный набор LUCKY CHARM 250мл 4 предмет";799
100024877043;"Кастрюля круглая Home Club 18см 1,4л";599
100024877044;"Ящик ДОМАШНИЙ 25л 410х295х312мм";699
100024877045;"Ящик ПРОФИ 25л 410х295х312";699
100024876982;"Корзина для белья Nuance 48л белый";1499
100024876983;"Кастрюля круглая 20см 1,6л";599
100024876984;"Кастрюля круглая Pyrex 20см";599
100024876987;"Стул походный складной на 4-х замкнутых";599
100024876988;"Набор фужеров (бокалов) для вина СЕЛЕСТ";799
100024876989;"Блюдо INSPIRATION 30x20см 2,5л прямоугол";599
100024876990;"Набор фужеров (бокалов) ЭЛЕГАНС для вина";599
100024876991;"Салатник SALAD CLUB 28см";499
100024876992;"Полка для душа 3-х ярусная угловая MILAN";0
100024876993;"Салатник АЛИЗЭ ПЕРЛ 18см 4шт";699
100024876994;"Набор фужеров (бокалов) для шампанского";1299
100024876997;"Этажерка для обуви КОМФОРТ 3 секции";699
100024876998;"Контейнер педальный для мусора АРТЛАЙН 1";599
100024876999;"Полка настенная 2-уровневая Power-Loc Si";2499
100024877000;"Корзина для белья РОТАНГ 40л латте";699
100024877001;"Корзина для белья РОТАНГ 40л";699
100024877002;"Форма для выпечки с гофрированными краям";0
100024877003;"Горшок для цветов подвесной COZY M туман";2599
100024877004;"Горшок для цветов подвесной COZY M голуб";2599
100024877005;"Табурет АРТЛАЙН большой 45см";599
100024877006;"Горшок для цветов подвесной COZY M фиоле";2599
100024877007;"Полка угловая 2-уровневая Power-Loc Sion";2699
100024877008;"Декантер IMPERATOR 1л";599
100024877009;"Ящик хозяйственный 30л 470х365х245";799
100024877010;"Чайный набор CROWN OF FLOWERS 250мл 4 пр";699
100024877011;"Кашпо CYLINDER PLANTER S, антрацит";1799
100024877013;"Коврик придверный кокосовый 33х55см";499
100024877014;"Блюдо ПАВЛИН 33см";699
100024876946;"Набор фужеров (бокалов) для вина СЮБЛИМ";1799
100024876947;"Полка стеклянная BOSIO";2570
100024876948;"Форма для запекания VERDE 34х21см овальн";699
100024876949;"Кастрюля круглая Home Club 23см 3л";699
100024876950;"Этажерка для обуви ELIT 3 полки";799
100024876951;"Кастрюля круглая 23см 2,3л";699
100024876952;"Ящик FULL BLACK 45л";799
100024876953;"Стул со спинкой походный складной,на зам";699
100024876955;"Набор фужеров (бокалов) для вина УЛЬТИМ";1599
100024876957;"Ящик хозяйственный на колесах 600х400х30";899
100024876958;"Набор стаканов ИМПЕРАТОР 6шт 310мл высок";449
100024876960;"Блюдо 30x30x3см";0
100024876961;"Крышка 2,4л+3,5л 136A";599
100024876963;"Ящик универсальный 470х370х250";799
100024876964;"Мультибокс профи 5 секций, черно-желтый";899
100024876965;"Блюдо прямоугольное O CUISINE 32x20см";499
100024876966;"Полка Power-Loc Sion";2499
100024876967;"Набор фужеров (бокалов) для вина СЕЛЕСТ";671
100024876968;"Блюдо BULK прямоугольное 35х20см";499
100024876969;"Полка стеклянная CUBA";1992
100024876970;"Блюдо прямоугольное Home Club 35х22см";499
100024876971;"Блюдо глубокое ДИВАЛИ 30см";599
100024876973;"Ящик для хранения ПРОФИ 25л с вкладышем";699
100024876976;"Кастрюля круглая Home Club 20см 2,1л";599
100024876977;"Набор стаканов ИСЛАНДИЯ ЛАУНЖ КЛАБ 300мл";422
100024876979;"Кашпо подвесное COZY M 9,7л песчаный";2499
100024876980;"Блюдо глубокое ДИВАЛИ 26см";481
100024876981;"Корзина для белья Nuance 48л коричневый";1499
100024876900;"Коробка для пиццы квадратная 100шт 26х26";1799
100024876902;"Ящик для хранения COMFY 270л коричневый";4299
100024876906;"Столовый набор CROWN OF FLOWERS 19 предм";2830
100024876907;"Столовый набор 19 предметов PARADISE BIR";3299
100024876909;"Столовый набор УАЙТ ОРХИД 19 предметов";4904
100024876910;"Столовый набор 18 предметов ДИВАЛИ ЛАЙТ";2199
100024876912;"Столовый набор ДОМИТИЛЬ РЭД 18предметов";0
100024876913;"Ящик для хранения MARVEL PLUS L 270л";4399
100024876919;"Стойка-ершик напольная с держателем туал";0
100024876920;"Набор стаканов SANCY 6шт 340мл высокие";693
100024876921;"Стул с высокой спинкой DANTE капучино";1599
100024876923;"Салатник КУБИК 28см";1399
100024876924;"Прямоугольная форма с крышкой XL 4,5л 40";1099
100024876925;"Стойка-ершик напольная с держателем туал";0
100024876926;"Ваза ROSARIUM 25см";599
100024876927;"Набор кружек МИСТИГРИ 6шт 320мл";799
100024876928;"Набор кружек РОМАШКА 6шт 320мл";735
100024876929;"Набор кружек ФРЕЗИЯ 6шт 320мл";799
100024876931;"Ваза CARRE 25см квадратная";599
100024876934;"Набор стаканов ЛАУНЖ КЛАБ 350мл 4шт высо";499
100024876935;"Набор кружек для пива ДРЕЗДЕН декорирова";391
100024876936;"Блюдо овальное 39x27см";599
100024876938;"Блюдо прямоугольное Home Club 39х24см";699
100024876939;"Набор стаканов ИЛЛЮМИНЕЙШН КОЛОРС 380мл";1399
100024876940;"Корпус к кастрюле 4,5л";699
100024876941;"Блюдо прямоугольное O CUISINE 39x24см в";799
100024876942;"Блюдо прямоугольное BULK 39х24см";599
100024876943;"Pyrex Форма для запекания 3,2л+прихватки";999
100024876944;"Pyrex Форма для запекания 3,2л+прихватки";999
100024876905;"Шезлонг FLORIDA белый";5099
100024876904;"Шезлонг FLORIDA капучино";5299
100024876898;"Шезлонг DAYTONA коричневый";0
100024876897;"Стол BALTIMORE графит";10099
100024876896;"Стол BALTIMORE капучино";10599
100024876895;"Стол LIMA капучино";11799
100024876894;"Шезлонг FLORIDA графит";5799
100024574486;"Сковорода глубокая Pyrex Granate 28см индукция";1599
100024574487;"Сковорода глубокая Pyrex Granate 26см индукция";1399
100023002116;"Форма для выпечки Pyrex 283PG00";999
100024574504;"Столовый набор 18 предметов БРАШМАНИЯ МИ";1874
100024574489;"Столовый набор 19 предметов ЛАВАНДЕР";3799
100024574490;"Столовый набор 18 предметов КОТОН ФЛАУЭР";2199
100024574494;"Столовый набор 19 предметов CARESS MODER";3542
100024517792;"Столовый набор MEADOW 19 предметов";0
100024574505;"Столовый набор 43 предмета ТРИАНОН ГРАФИ";2999
100024028771;"Сотейник Pyrex ET24ATX/E004";2499
100024574496;"Сковорода Grill Expert touch 28см индукция";2499
100024574506;"Набор салатников ЛОТУСИЯ 5 предметов";699
100022840699;"Набор фужеров Luminarc domino для красного вина 6шт";725
100024574498;"Набор стаканов Luminarc SANCY 300мл 6шт";599
100024574512;"Чайник со свистком DERBY 2,5л";999
100024574502;"Чайник со свистком FESTIVAL 2,5л";699
100022836724;"Вешалка ATTRIBUTE Bamboo 44 см 3 шт.";499
100022836482;"Корзина для белья ATTRIBUTE Бамбук угловая 37 х 58 см";799
100024517807;"Сковорода BROWNIE 24см";1099
100024517816;"Контейнер круглый для СВЧ с паром 1л";599
100024517818;"Контейнер SMART для СВЧ с паром 1,6л кру";499
100024517822;"Штопор GHIDINI Viva!";499
100024517823;"Орехоколка GHIDINI Viva!";699
100024517824;"Открывалка для банок GHIDINI Viva!";599
100024517841;"Кисточка пекарская GHIDINI Massari colle";499
100024517843;"Венчик GHIDINI Massari collection";599
100024517848;"Варежка кондитерская GHIDINI Massari collection";699
100024517852;"Емкость для морозилки и СВЧ GRAND CHEF";499
100024517854;"Корзина для белья RATTAN STYLE 60л темно-коричневая";1399
100022842135;"Корзина для белья Curver Style 60 л кремовая";1135
100022842188;"Корзина для белья Curver Style 40 л темно-коричневая";1199
100024517855;"Корзина для белья RATTAN STYLE 40л кремовая";1017
100022842090;"Ящик для хранения Curver Textilebox 40 x 34 x 17 см 18,5 л";499
100022842045;"Корзина плетеная Curver Style m темно-коричневая";599
100024517860;"Корзина RATTAN STYLE BOX L тёмно-коричневая";699
100024517861;"Корзина RATTAN STYLE BOX L кремовая";699
100022842186;"Корзина для белья Curver Style m крышка темно-коричневая";899
100022842224;"Корзина для белья Curver Style m крышка крем";899
100001307968;"Корзина плетеная Curver Knit 226165 19л";699
100001307943;"Корзина плетеная Curver Knit 226380 19л";622
100001307956;"Корзина плетеная Curver Knit 226379 19л";699
100022842096;"Корзина для белья Curver Knit l 19 л морская волна";699
100024517862;"Корзина KNIT S 8л голубая";499
100022883885;"Корзина для белья Curver 226391";499
100001312375;"Корзина для белья Curver Knit 57л с крышкой голубой (03676-X60-00)";1599
100022842178;"Ящик для хранения Curver Stockholm leather 6 л";499
100022842028;"Ящик для хранения Curver Stockholm leather 22 л";799
100024517864;"Коробка INFINITY перфорированная с крышкой";699
100022842243;"Короб для хранения Curver Infinity 11 л серая";599
100024517872;"Корзина бельевая INFINITY 60л Feathers";1399
100024517874;"Форма для запекания WILTONE 36х23см";399
100024517878;"Форма для запекания VERDE 39х24см оваль";1099
100022836461;"Чехол для гладильной доски ATTRIBUTE Metal 135 х 53 см";499
100024517881;"Доска разделочная FIBER 23x30см с ножет";399
100024517882;"Доска разделочная FIBER 28x37см с ножет";599
100022836645;"Сушилка для белья напольная ATTRIBUTE Migliore plus";2999
100024517885;"Сушилка ПРИМА 18м красная";1072
100022836714;"Форма для запекания ATTRIBUTE Bake & Roast 3 шт.";499
100022836782;"Форма для запекания ATTRIBUTE Stone 25 см";599
100022836549;"Коврик придверный Attribute AMJ5080 Бежевый";599
100024517898;"Форма для мафинов АСИМЕТРИЯ BRONZE 6шт";599
100024517900;"Форма для запекания BLACK DIAMOND 24х24";699
100024517901;"Форма для запекания BLACK DIAMOND 25х20";599
100024517902;"Форма для пирога BLACK DIAMOND 26см";499
100022838746;"Форма для запекания Pyrex Assimetria 27 см";599
100024517903;"Форма с гофрированными краями BLACK DIA";499
100024517904;"Форма для запекания АСИМЕТРИЯ BRONZE 30";699
100024517905;"Форма для запекания BLACK DIAMOND 30х24";699
100022838790;"Форма для запекания Pyrex Assimetria 35 х 23 см";707
100024517906;"Форма овальная гриль BLACK DIAMOND 35х2";799
100024517907;"Форма для запекания BLACK DIAMOND 35х27";699
100024517908;"Форма для запекания BLACK DIAMOND 40х31";999
100024517909;"Точилка EASY FIXED";699
100024517910;"Миска стальная с крышкой MIX 16х9,5см 1";499
100024517911;"Миска стальная с крышкой MIX 24x12,5см";699
100024518020;"Кастрюля с крышкой RED LINE 24х13,5см 5,7 л";1799
100022836407;"Френч-пресс ATTRIBUTE Basic 350 мл";299
100022836495;"Френч-пресс ATTRIBUTE Tea 350 мл";599
100022836565;"Штопор Attribute ATV624";599
100023038585;"Ножницы Attribute Viva ATV715 Серебристый";599
100022836442;"Набор для коктейлей Attribute ATV925 Прозрачный, зеленый";1299
100022836484;"Набор для коктейлей Attribute ATV926 Прозрачный, желтый, зеленый";899
100024517932;"Этажерка стеклянная BRIVERRE";499
100022838536;"Салатник SINCERE 18,5 х 16 см";699
100013275033;"Коврик придверный Domcraft Welcome Камешки";1099
100022838730;"Форма для запекания Pyrex День рождения";499
100022838756;"Форма для запекания Pyrex Цифры";699
100024518027;"Тарелка обеденная АЛИЗЕ ПЕРЛ 28см";199
100024518029;"Тарелка суповая АЛИЗЕ ПЕРЛ 23см";229
100024518030;"Салатник АЛИЗЕ ПЕРЛ 18см";224
100024517941;"Сковорода Agata 24см индукция";1599
100024517942;"Сковорода Agata 26см индукция";1799
100024517943;"Сковорода Agata 28см индукция";1899
100024518031;"Форма для запекания SMART CUISINE 32х20";541
100024518032;"Форма для запекания SMART CUISINE 28см";546
100024518035;"Форма для запекания SMART CUISINE 38х23";605
100024518036;"Форма для запекания SMART CUISINE 29х17";480
100022838672;"Швабра Rozenbal 140 см";599
100022841990;"Салатник DOMENIK 1001 nights 23 см";399
100022836590;"Чехол для гладильной доски ATTRIBUTE Basic 120 х 40см";399
100022836405;"Чехол для гладильной доски ATTRIBUTE Express 140 х 60см";699
100000583385;"Сушилка для белья Ника 18 м";1023
100022838858;"Сковорода Pyrex Optyma OP26BF2 Черный";1399
100024031347;"Сковорода Pyrex OP28BF2 Черный";1499
100022838757;"Утятница Pyrex O cuisine 4,5 л";799
100022836962;"Набор столовой посуды Arcopal Zelie 18 предметов";1370
100024031345;"Сковорода Pyrex OP20BF2 Черный";1099
100024475638;"Столовый сервиз Luminarc (Люминарк) Louis Xv N9701";1562
100024782118;"Кастрюля с крышкой AUGUSTA 20х11,5см 3л";899
100022836710;"Кастрюля Attribute augusta 5л";1099
100022709159;"Гладильная доска напольная Ника Bell Classy 3";1050
100024031348;"Сковорода Pyrex OP28BW2 Черный";1799
100024034183;"Форма для запекания Pyrex 244P000";799
100024782389;"Набор питьевой МАБЕЛЬ 7 предметов";799
100024782052;"Чайный набор ONCE UPON A TIME 250мл";1299
100022836445;"Кастрюля Attribute lime 5л";1799
100022836632;"Ковш ATTRIBUTE Lime 16 х 9,5 см 1,5 л";980;Озон;1654;Плеер;980
100022838726;"Блюдо Pyrex Optimum 412U000/6143 Прозрачный";1699
100024782366;"Контейнер для мусора FLIP BIN 25л графит";899
100024782367;"Контейнер для мусора FLIP BIN 25L";799
100022884900;"Гладильная доска напольная LORA FASHION HLF";3399
100013274639;"Совок Rozenbal с резервуаром и щетка, 1 шт,";999
100022836485;"Чехол для гладильной доски ATTRIBUTE Universal 160 х 60 см";999
100024449140;"Pyrex Classic 5,8л овальная (460A000)";1199
100022838650;"Утятница Pyrex Прямоугольная 7 л";1099
100022709111;"Гладильная доска напольная Ника HAUSHALT Bruna Fashion HBF";1499
100024782127;"Термокружка FENIX 450мл";799
100024782130;"Ковш с крышкой GREENERY 16х9,5см 1,8л";1399
100024142231;"Форма для запекания Pyrex 215PH00/7145 Прозрачный";799
100022840267;"Набор столовый на 6 персон water color, 19 предметов";3733
100024782134;"Кастрюля с крышкой GREENERY 24х13,5см 6л";2099
100000102379;"Форма для выпекания Pyrex Optimum 818S2";1790
100024782398;"Чайный набор СИМПЛИ ЭКЛИПС 220мл";645
100024142232;"Форма для запекания Pyrex 216PH00/7144 Прозрачный";999
100024782041;"Столовый набор ДРИМ ГРАС 44предмета";5850
100000046989;"Набор форм для запекания Cook&Store 912S845";999
100024782136;"Сковорода-гриль со складной ручкой FACIL";2518
100022838739;"Блюдо Pyrex Smart cooking 40 x 27 см";899
100001322873;"Сервиз Luminarc Trianon 20 предметов белый (78869)";0
100024782401;"Столовый набор 19 предметов КАРИН МОДЕРН";2499
100024782054;"Сковорода ВОК со складной ручкой FACILE";2199
100024782137;"Набор стаканов GOLD NET ENDURA PREMIUM 6";1099
100022836937;"Термос Attribute Baltic 1л";899
100024782139;"Набор стаканов GOLD NET ENDURA PREMIUM 6";1299
100024782403;"Набор из 2-х прямоугольных форм O CUISIN";1030
100024782404;"Набор столовый САЙРУС 44предмета";6268
100022793696;"Гладильная доска PERILLA Сити";1699
100022836908;"Термос Attribute Baltic 0.8л";799
100024782406;"Столовый набор УАЙТ ОРХИД 44предмета";5999
100022836955;"Термос Attribute Baltic 1.5л";999
100024782408;"Столовый набор КАРИН черно-белый 30 пред";3499
100022836623;"Набор кастрюль Attribute lIME 3шт";0
100024036654;"Набор фужеров для шампанского ECLAT Wine Emotions Flute 6шт, 240мл";1099
100022840129;"Набор столовый на 6 персон sweet impression, 19 предметов";4099
100024782409;"Кастрюля с крышкой COOPER 24х13,5см 5,8л";2689
100024782410;"Набор фужеров (бокалов) для вина ИЛЛЮМИН";0
100013274830;"Сковорода Risoli Saporelax Grey Handle 20x20 см";2699
100024491553;"Термос Attribute AQUA, 1,8л";1099
100024782156;"Корзина для белья INFINITY 59л белая";1199
100023001906;"Сковорода Pyrex ET26BFX";1799
100001321370;"Глад. доска Perilla Domina 223708";2373
100024782413;"Набор фужеров (бокалов) для шампанского";1599
100024036652;"Набор бокалов Eclat L7587";1399
100024782415;"Набор фужеров (бокалов) для красного вин";1399
100024782162;"Сковорода Diamond+ 28см индукция";0
100024036651;"Набор бокалов Eclat L7586";1199
100024782417;"Столовый набор 24 предмета БРАШМАНИЯ МИК";2999
100023001924;"Сковорода PYREX Expert Touch ET28BFX";2090
100024036690;"Набор бокалов Eclat L9742";1499
100024782419;"Набор фужеров (бокалов) для белого вина";1199
100024782172;"Кастрюля FLAME 2л витрокерамика";1699
100024036691;"Набор бокалов Eclat L9744";1859
100024782055;"Гриль Saporelax 26x26см";2199
100024782111;"Сушилка ПРИМА 20м красная";1216
100024782173;"Кастрюля FLAME 3л витрокерамика";1999
100022840843;"Набор фужеров Luminarc versailles для красного вина 6шт";899
100024782174;"Сковорода BUON APPETITO 28см";1199
100024491591;"Гладильная доска Perilla Eko Inci";1730
100024782422;"Набор фужеров (бокалов) для коктейля ИЛЛ";1899
100022841911;"Чайный сервиз DOMENIK Bamboo на 6 персон";999
100024782424;"Набор фужеров (бокалов) для вина ВАЙН ЭМ";1399
100024036653;"Набор бокалов Eclat L7589";1599
100024782427;"Набор стаканов ЛЕДИ ДАЙМОНД 280мл высоки";1298
100022841588;"Сковорода Illa IL1228B Синий";799
100022836412;"Блинная сковорода Attribute AFB524 Черный";899
100024782428;"Набор О cuisine 4 предмета";2281
100024782188;"Сковорода BUON APPETITO 26см";1099
100022840941;"Набор фужеров Luminarc versailles для шампанского 6шт";899
100024782374;"Контейнер для мусора FLIP BIN 25л красны";899
100023038346;"Бокалы C&S Sublim для вина 350 мл 6 шт";1599
100024036616;"Контейнер для хранения продуктов Luminarc Pure Box Active L0967 прозрачный";899
100022841569;"Сковорода Illa IL1226B Синий";799
100024782033;"Сковорода BUON APPETITO 24см";999
100023039519;"Мультибокс Полимербыт Профи Kids 5 секций, 1 шт,";999
100022842162;"Ведро для мусора Curver 02171-L11";1199
100022836803;"Набор столовых приборов ATTRIBUTE ACC624 24 предмета";2899
100024782433;"Столовый набор 30 предметов УОЛ ФЛАУЭР";4227
100024036650;"Набор стаканов ECLAT L7555 Прозрачный";1022
100024782207;"Набор посуды 8 предметов MELISSA";2999
100022836448;"Сотейник ATTRIBUTE Buon appetito 24 см";0
100022840868;"Набор фужеров для коньяка версаль 6 шт, 410 мл";2201
100024782209;"Декантер ВЕРСАЛЬ 1,5л";1999
100024782210;"Контейнер для мусора 110л на колесах";2899
100023854384;"Ершик для унитаза с подставкой Wenko Barock Белый";1199
100024036648;"Набор бокалов Eclat L7552";1199
100022842018;"Этажерка DOMENIK Boudoir";858
100024782213;"Швабра Rozenbal TWISTO 150 см";1699
100024782214;"Коробка с крышкой Essentials 45л черная";999
100024782441;"Набор стаканов ЛОНГШАМП 230мл низкие 6шт";860
100000016309;"Кастрюля Pyrex Slow Cook 3.8л";5499
100022840964;"Кружка Luminarc Disney Mickey Colors 250 мл";899
100024782218;"Сковорода Diamond+26см индукция";2099
100023854386;"Ершик для унитаза с подставкой Wenko Flora Белый";1299
100024782220;"Набор столовых приборов HERITAGE 24 пред";2799
100024028773;"Сковорода Pyrex SlowCook SC26BF4/6142 26x5 см";3499
100022838330;"Набор столовой посуды Walther-Glas W1201122";657
100024036698;"Набор стаканов ECLAT L9757 Прозрачный";1399
100024782443;"Набор для завтрака КОРДЕЛИЯ 13 предметов";1699
100024028774;"Сковорода Pyrex SlowCook SC28BH4/6142 28x4 см";4190
100024782226;"Сковорода-гриль AVORIO с керамическим по";1399
100024782228;"Ершик для туалета PURO grey";1699
100022842198;"Контейнер для хранения пищи Curver XL 33 л,";799
100024517844;"Венчик профессиональный с шариком Ghidini Massari collection";799
100024028765;"Сковорода MONETA Salvaenergia PLUS M0720120 20x5 см";1099
100024782232;"Ершик туалетный PALO taupe";2099
100024782447;"Столовый набор НЬЮ КАРИН ЭКЛИПС 30предме";2323
100022840201;"Сковорода Moneta M8710124 Черный";1384
100024517846;"Миска мерная GHIDINI Massari collection";1199
100024782238;"Набор фужеров (бокалов) для коньяка 6шт";2099
100022840176;"Сковорода Moneta M8710120 Черный";1399
100024574471;"Форма Pyrex 283PG00R";1899
100024782448;"Столовый набор НЬЮ КАРИН БЛЭК ЭНД УАЙТ 1";1714
100024517850;"Миска для смешивания с подставкой d 22см";2251
100024782242;"Сковорода BUONGUSTO 28см индукция";1769
100022836576;"Кастрюля Attribute inspiration 5л";3202
100022836907;"Набор кастрюль Attribute ASS401 8шт";2999
100024782246;"Сковорода БЬЯНКА 28см";1199
100024782247;"Кастрюля AGATA 24см";2550
100022836795;"Кастрюля Attribute classic 5л";1099
100024782035;"Ершик для унитаза GRANITE";1799
100024028749;"Сковорода ILLA Gourmet GC5220 20x5 см";1199
100024028743;"Сковорода ILLA OLIVILLA OL6320 20x5 см";1599
100024028752;"Сковорода ILLA Gourmet GC5228 28x5 см";1499
100024782264;"Крючок BOSIO";899
100022836774;"Сковорода ATTRIBUTE 25";1399
100022957952;"Столовый набор Luminarc Essence Covent Garden 39 предметов";5099
100024782273;"Крючок BOSIO duo";899
100024782060;"Кастрюля Expert touch 24см индукция";3299
100024782274;"Набор стаканов 6шт МАСКАРАД 300мл низкие";1887
100024782275;"Сковорода ВОК AVORIO с керамическим покр";1399
100022840218;"Сотейник MONETA Buongusto 24 см с двумя ручками";2062
100024782278;"Сковорода Вок Diamond+28см индукция";1999
100022842217;"Набор бокалов C&S grands cepages для шампанского 6шт";1599
100022842222;"Набор фужеров CRISTAL D'ARQUES reverie для шампанского 6шт";1834
100023854385;"Ершик для унитаза с подставкой Wenko Cordoba Белый";1399
100024123202;"Органайзер косметический Wenko Femme 05719 Прозрачный";799
100024782061;"Кастрюля БЬЯНКА 24см";1499
100024028772;"Сковорода-вок Pyrex Expert Touch ET28BWX/6146 28x8 см";2299
100024782073;"Шезлонг FLORIDA темно-зеленый";5599
100023038722;"Бокалы C&S Revel для вина 390 мл 6 шт";2199
100024782378;"Комод 4 секции кожа";2399
100024782454;"Набор фужеров (бокалов) для вина ДАМПЬЕР";1999
100024782299;"Набор стаканов 6шт ЛОНГШАМП 320мл низкие";0
100024028746;"Сковорода ILLA MY CHEF MC6320 20x5 см";1599
100024028748;"Сковорода ILLA MY CHEF MC6328 28x5 см";1957
100023038375;"Бокалы C&S Revel для вина 450 мл 6 шт";2399
100024782306;"Сотейник AVORIO с керамическим покрытием";2399
100024782307;"Штанга для полотенца CUBA duo";1899
100022842149;"Набор фужеров CRISTAL D'ARQUES cubic для красного вина 6шт";1849
100024782312;"Диспенсер для мыла BOSIO";1599
100024028747;"Сковорода ILLA MY CHEF MC6324 24x5 см";1799
100024782318;"Ершик для унитаза BOSIO";3040
100024782380;"Ящик для хранения NOVEL 340л";7599
100024782381;"Горшок для цветов 24л круглый";2699
100022842174;"Набор стаканов CRISTAL D'ARQUES 300 мл 6шт";1599
100024782323;"Ершик для унитаза BOSIO";1956
100024782325;"Штанга для полотенца BOSIO duo";2799
100024782326;"Штанга для полотенца BOSIO";2353
100024782384;"Набор детский 3 предмета ДИСНЕЙ МИННИ КО";1035
100024782328;"Ершик для унитаза CUBA";1956
100024782334;"Столовый набор 44 предмета ДРИМ ГРАС";0
100001323495;"Сервиз Luminarc Authentic 19 предметов черный (E6196)";3999
100023002065;"Форма для выпечки Pyrex 282PG00";699
100024128572;"Вешалка-гардероб Wenko All in 05523";3799
100022837010;"Набор стаканов и кувшин Arcopal Ориент 7 предметов";699
100022841757;"Чайный сервиз DOMENIK Caress modern";1299
100022836875;"Коврик придверный Attribute AMR045 Зеленый";699
100022841152;"Набор кружек Luminarc Lily Flower 6 шт.";699
100022841229;"Салатник эмпилабль 29см";599
100001313811;"Форма для запекания PYREX Irresistible 412B000 40х24 см";699
100022838814;"Блюдо Pyrex Optimum 411B000 Прозрачный";599
100022841940;"Этажерка DOMENIK Paradise bird";699
100022840383;"Блюдо Luminarc Quadrato white 35 см";720
100022841907;"Этажерка DOMENIK Once upon a time";699
100024127534;"Телескопический уголок для душа Wenko Compact 04766";1999
100023001883;"Сковорода PYREX Expert Touch ET24BFX";1699
100022838788;"Блюдо Pyrex Optimum овальное 30 х 21 см";499
100022838691;"Блюдо Pyrex О cuisine 209PC00/1045 Прозрачный";505
100000066233;"Форма для выпекания (стекло) Pyrex для жаркого квадратная, 21*21 см. стекло 220B000/";499
100022841253;"Салатник Luminarc Covent Garden Alys 29 см";599
100022838679;"Форма для запекания Pyrex Smart cooking 26 см";499
100013274800;"Конфетница Domcraft 23x12x8,5 см";599
100022842189;"Ведро для мусора Curver 05322-877";799
100022836882;"Кастрюля Attribute classic 3л";799
100022836831;"Доска разделочная green 37x25см";499
100022836476;"Вешалка ATTRIBUTE 44,5 см 6 шт. натуральный";299
100022842021;"Ведро для мусора Curver 04043-332";599
100022842187;"Салатник CRISTAL D'ARQUES Мечта 15 см 2 шт.";699
100022842020;"Салатник DOMENIK Blossom 24 см";507
100022840372;"Блюдо Luminarc Water color 33 см";698
100022838725;"Блюдо Pyrex О cuisine 215PC00/1046 Прозрачный";499
100022841982;"Заварочный чайник DOMENIK Meadow 900 мл";901
100024120267;"Косметическая мусорница Wenko Inca 05682";2433
100023680869;"Набор бокалов Luminarc N5286 Прозрачный";480
100022842134;"Сушилка для посуды Curver Бежевый";499
100022842069;"Сушилка для посуды Curver Серый";417
100022842094;"Сушилка для посуды Curver Желтый";499
100024118444;"Держатель для бумажных полотенец в рулоне Wenko Style 06192";2494
100022836509;"Крышка для посуды ATTRIBUTE Smart 26 см";499
100022842196;"Конфетница CRISTAL D'ARQUES Lady Diamond 14 см";599
100023854877;"Полочка универсальная Style";2426
100022836991;"Термос Attribute Color 0.75л";599
100022842117;"Тортовница CURVER 00416-286-00";799
100022836869;"Чайник для плиты Attribute ATS031 Красный";699
100022836789;"Вешалка ATTRIBUTE Siluet cream 44 см 4 шт.";499
100022838573;"Швабра Rozenbal 70 см";599
100022842190;"Короб для хранения Curver Infinity 17 л серая";699
100022838662;"Чашка SIJ Новый год 300 мл";558
100022836797;"Корзина в раковину Attribute AGS034";699
100022842033;"Тарелка DOMENIK Caress modern 26 см";499
100024123188;"Органайзер для мойки Wenko Empire 06226";1299
100022840629;"Набор рюмок Luminarc signature 65 мл 6шт";396
100022841919;"Тарелка DOMENIK Meadow 24 см";526
100022838636;"Форма для выпечки Pyrex Smart cooking 26 см";499
100023819200;"Дозатор для мыла Wenko Cordoba Белый";599
100024123183;"Органайзер для косметики Wenko Femme 04723, 8 отделений Прозрачный";899
100024121474;"Лоток для кухонных отходов Wenko 7730100 06141";799
100024126636;"Стакан для зубных щеток Wenko Cordoba 05676";499
100024124686;"Полотно для глажения Wenko 1201073100 Синий";1599
100022842177;"Корзина плетеная Curver Neo colors l зеленая";499
100022838502;"Кружка SIJ Туфелька 330 мл";499
100023819201;"Диспенсер для жидкого мыла, 'Flora'";699
100022836682;"Скалка ATTRIBUTE Viva";599
100022836463;"Фужер C&S reveal up для красного вина 550 мл";499
100024118445;"Держатель для фена Wenko Power-Loc Bovino 17798100";2426
100022838634;"Сменная насадка для швабры ROZENBAL Белая Губчатая";499
100023838977;"Нож для хлеба Attribute Aristo AKA520";699
100023038254;"Ложка столовая Attribute Floral 3 шт";499
100024128564;"Вешалка настенная Wenko Для полотенец Раздвижная 00499";932
100023819202;"Дозатор для жидкого мыла Wenko Home Белый";599
100023038327;"Вилка Attribute Floral 3 шт";499
100022838618;"Перчатки для уборки Rozenba Утолщенные R105627";499
100001308957;"Форма для запекания Pyrex прямоугольная 1.5л 22x17см с крышкой прозрачный (242P000)";485
100001309099;"Форма для запекания PYREX Cook & Store 215P000 23х15 см";430
100024517791;"Блюдо с крышкой Cook&Store 25x22x7";680
100024574493;"Столовый набор 19 предметов PARADISE BIR";2990
100022841148;"Контейнер для хранения пищи Luminarc Pure Box Active 1,97 л";531
100022840771;"Набор фужеров Luminarc domino для шампанского 6шт";660
100024574507;"Набор питьевой САЙРУС 6 стаканов + кувшин";811
100024574499;"Термобокал DUOS 450мл";299
100024574501;"Набор детских столовых приборов HAPPY BE";244
100022836441;"Вешалка ATTRIBUTE 30 см 4 шт.";312
100024517796;"Вешалка для верхней одежды CLASSIC 44см";299
100024517798;"Вешалка для костюма REDWOOD 44см";299
100024517811;"Кастрюля BROWNIE 20см с крышкой";1799
100024517812;"Кастрюля BROWNIE 24см с крышкой";1952
100024517815;"Сотейник BROWNIE 28см с крышкой";1805
100024518003;"Контейнер пищевой прямоугольный TO GO 0,";399
100024517826;"Овощечистка вертикальная GHIDINI Viva!";299
100024517828;"Лопатка гибкая GHIDINI Viva!";399
100024517829;"Кисть пекарская GHIDINI Viva!";399
100024517830;"Мини-терка GHIDINI Viva!";299
100024517833;"Ложка кухонная GHIDINI Viva!";399
100024517834;"Ложка для спагетти GHIDINI Viva!";399
100024517835;"Половник GHIDINI Viva!";399
100024517836;"Шумовка GHIDINI Viva!";399
100024517837;"Лопатка GHIDINI Viva!";399
100024517838;"Лопатка широкая GHIDINI Viva!";399
100024517839;"Шпатель кондитерский 24см GHIDINI Massar";499
100024517842;"Лопатка для сервировки GHIDINI Massari c";499
100024517845;"Нож для теста GHIDINI Massari collection";499
100024517847;"Бутылка-декоратор Ghidini кондитерская с 3 насадками";399
100024517853;"Емкость для морозилки и СВЧ GRAND CHEF";599
100022842070;"Корзина плетеная Curver My style a5 кремовая";299
100022842109;"Корзина для белья Curver City London 35 х 30 х 33 см";399
100024517856;"Корзина RIBBON фиолетовая XS 24x17x12см";299
100022842111;"Корзина для белья Curver Ribbon xs 24 x 17 x 12 см белая";299
100022842024;"Миска Curver Essentials 3,5 л зеленая";399
100024518013;"Корзина VICTORIA 7л цвета в ассортименте (фиолетовая/зеленая/бирюзовая)";399
100022842146;"Корзина плетеная Curver My style s темно-коричневая";299
100024517858;"Коробка для хранения MY STYLE S кремовая";299
100022842209;"Корзина для белья Curver Style s темно-коричневая";399
100022842231;"Корзина для белья Curver Style s кремовая";399
100022842067;"Корзина для белья Curver Style m кремовая";599
100001309656;"Корзина для белья Curver Natural Style L 30л коричневый (03616-213)";699
100013234863;"Корзина для белья Curver 205861";1099
100022842241;"Корзина для белья Curver Style l крышка кремовая";1099
100022842128;"Корзина для белья Curver Knit xs 3 л темно-коричневая";399
100001303738;"Контейнер для хранения вещей Curver 03671-X60-00 Голубой";249
100001303761;"Корзина плетеная Curver Knit 226385 3л";277
100024517863;"Корзина KNIT XS 3л темно-коричневая";399
100001304162;"Корзина плетеная Curver Knit XS 226394 3л";399
100022842092;"Короб для хранения Curver Amsterdam mini neon";263
100024517865;"Коробка INFINITY с крышкой 17л белая";699
100022842226;"Короб для хранения Curver Infinity 17 л розовая";699
100024517867;"Корзина YOUR STYLE M серая";249
100024517868;"Корзина YOUR STYLE M темно-коричневая";249
100024517869;"Корзина YOUR STYLE S серая";199
100024517870;"Коробка INFINITY перфорированная с крышкой";399
100024517871;"Коробка INFINITY перфорированная с крышкой";399
100022836883;"Банка для хранения Attribute ABF065G Прозрачный";172
100022836671;"Банка для хранения Attribute ABF100G Прозрачный";299
100022836716;"Банка для хранения Attribute ABF135G Прозрачный";232
100024517873;"Форма для выпечки WILTONE 23см";399
100022836414;"Чехол для гладильной доски ATTRIBUTE Metal 120 х 40 см";459
100022836700;"Форма для запекания ATTRIBUTE Pastel 5 шт.";186
100022836730;"Форма для выпечки ATTRIBUTE 6 шт.";399
100022836776;"Форма для выпечки Attribute ABS203 Сиреневый";294
100022836672;"Форма для выпечки Attribute ABS208 Желтый, голубой, красный";167
100022836679;"Сушилка для белья на ванную ATTRIBUTE Mini 2,5 м";299
100022836704;"Сушилка для белья напольная ATTRIBUTE Migliore 17 м";2708
100022836726;"Сушилка для белья напольная ATTRIBUTE Прима 11 м красная";799
100022836758;"Сушилка для белья напольная ATTRIBUTE Прима 11 м синия";841
100024517888;"Тарелка обеденная ROSETTE 25см";399
100024517889;"Тарелка суповая ROSETTE 20см";281
100023838984;"Тарелка десертная Attribute Rosette ADR131";199
100024517890;"Салатник ROSETTE 13см";169
100022836722;"Форма для запекания ATTRIBUTE Bake & Roast 27 х 18 см";299
100022836743;"Форма для запекания ATTRIBUTE Bake & Roast 30 х 20 см";299
100022836566;"Форма для запекания ATTRIBUTE Bake & Roast 32 х 22 см";299
100022836589;"Форма для запекания ATTRIBUTE Волна Bake & Roast 27 см";212
100022836763;"Форма для запекания ATTRIBUTE Bake & Roast 23 см";158
100022836799;"Форма для выпечки ATTRIBUTE Цветок";199
100022836635;"Форма для выпечки ATTRIBUTE 32 см";299
100022836688;"Форма для запекания ATTRIBUTE Stone 23 см";114
100022836713;"Форма для запекания ATTRIBUTE Stone 27 х 18 см";229
100022836757;"Форма для запекания ATTRIBUTE Stone 32 х 22 см";399
100024517895;"Коврик придверный BARRIER 40х60см";399
100024518016;"Коврик придверный NATURE кокосовый 60x4";499
100024518017;"Коврик придверный RELIEF резиновый 60x4";251
100024517896;"Коврик придверный PRINT 40x60см";299
100024517897;"Коврик придверный PRINT 45x75см";399
100022836816;"Набор разделочных досок ATTRIBUTE Flexi 40 x 30 см 3 шт.";299
100024782108;"Форма для пиццы BLACK DIAMOND 32см";539
100022836748;"Контейнер для хранения пищи ATTRIBUTE Blue 0,9 л";299
100022836783;"Контейнер для хранения пищи ATTRIBUTE Berry 0,9 л";299
100022836784;"Ланч-бокс ATTRIBUTE 950 мл";285
100024517915;"Контейнер пищевой Lock and Store 500мл";199
100024517917;"Контейнер пищевой Lock and Store 1600мл";299
100024517918;"Контейнер пищевой Lock and Store 2100мл";299
100024517921;"Контейнер пищевой Fresh Mix 1600мл";299
100024517922;"Контейнер пищевой Fresh Mix 2100мл";299
100022836717;"Форма для запекания ATTRIBUTE Flower 3 шт.";114
100022836750;"Форма для запекания ATTRIBUTE Magic 6 шт.";299
100022836555;"Пресс для чеснока Attribute ATV616 Зеленый";399
100022836466;"Терка ATTRIBUTE Grey-green";265
100022836473;"Терка ATTRIBUTE Grey-green";199
100022836505;"Терка ATTRIBUTE Grey-green";399
100022836530;"Яблокорезка Attribute ATV723 Зеленый";299
100024517925;"Ножницы универсальные VIVA Grey";299
100024517926;"Кружка-сито VIVA";399
100024517927;"Салатник BRIVERRE 12см";299
100024517930;"Менажница BRIVERRE 22см";299
100022836403;"Ваза BRIVERRE Florero BR1702 Прозрачный";299
100024517935;"Набор из трех мини форм для запекания Ц";499
100022840658;"Набор стаканов Luminarc стерлинг 330 мл 6шт";299
100024518023;"Тарелка суповая ЭРИН 21см";211
100022841011;"Набор фужеров Luminarc signature для красного вина 3шт";273
100022841053;"Набор фужеров Luminarc J9755 Прозрачный";253
100022840834;"Набор фужеров Luminarc signature для шампанского 3шт";322
100024517937;"Набор питьевой GAZEBO 7 предметов";799
100024518028;"Тарелка десертная АЛИЗЕ ПЕРЛ 22см";199
100024517938;"Сковорода Eris 24см индукция";1950
100024517939;"Сковорода Eris 26см индукция";2100
100024517940;"Сковорода Eris 28см индукция";2380
100024518033;"Многофункциональное блюдо ФРЕНДС ТАЙМ 2";399
100022838651;"Губка для посуды Rozenbal Многофункциональная 4 шт";299
100024517951;"Салфетка Rozenbal из микрофибры универсальная";199
100022838596;"Скребок для окон ROZENBAL 44 см металл";299
100024517952;"Салфетка Rozenbal для стекол и металла";199
100022838664;"Чехол для одежды ROZENBAL 135 х 60 см";299
100022838579;"Щетка для ванной ROZENBAL для труднодоступных мест со скребком";157
100024517954;"Щетка для жалюзи + мини-щетка";299
100022838570;"Щетка для мытья бутылок ROZENBAL";299
100022838703;"Тряпка для пола ROZENBAL 50х60 см";199
100022838565;"Тряпка для пола ROZENBAL 80х50 см";199
100023038708;"Свеча SPAAS Тропический восторг 10 см";299
100023038745;"Свеча SPAAS Цветущая магнолия 10 см";299
100024782069;"Свеча АРОМА СТОЛБИК 6/10см Яблоко с кор";199
100023038259;"Свеча SPAAS Дикая орхидея 10 см";199
100023051981;"Ароматическая свеча Spaas Мятный хаммам";299
100024782342;"Свеча АРОМА СТОЛБИК 6/10см Волшебная ку";299
100023038443;"Свеча SPAAS Ягодный коктейль 10 см";199
100023038711;"Свеча SPAAS Южный цитрус 10 см";299
100023038661;"Свеча SPAAS Божественный жасмин 10 см";199
100024517786;"Свеча АРОМА СТОЛБИК 8/15см вишня (70ч)";399
100024782349;"Свеча АРОМА ГИЛЬЗА 12шт ТРОПИЧЕСКИЙ ВОС";299
100023038258;"Свеча SPAAS Ваниль 12 шт.";299
100023038331;"Свеча SPAAS Цветущая магнолия 12 шт.";299
100023038420;"Свеча SPAAS Мятный хаммам 12 шт.";299
100024782350;"Свеча АРОМА ГИЛЬЗА 12шт ВОЛШЕБНАЯ КУВШИ";199
100023038733;"Свеча SPAAS Ягодный коктейль 12 шт.";199
100024517788;"Свеча АРОМА ГИЛЬЗА 12шт жасмин (4,5ч)";199
100024782351;"Свеча АРОМА МАКСИ ЧАЙНЫЕ 4шт Тропически";299
100024517789;"Свеча АРОМА МАКСИ ЧАЙНЫЕ 4шт Ванильный";299
100024782352;"Свеча АРОМА МАКСИ ЧАЙНЫЕ 4шт Цветущая м";299
100024782071;"Свеча АРОМА МАКСИ ЧАЙНЫЕ 4шт Яблоко с к";299
100024782353;"Свеча АРОМА МАКСИ ЧАЙНЫЕ 4шт Дикая орхи";299
100024782354;"Свеча АРОМА МАКСИ ЧАЙНЫЕ 4шт Мятный хам";299
100024782355;"Свеча АРОМА МАКСИ ЧАЙНЫЕ 4шт Волшебная";299
100024782356;"Свеча АРОМА МАКСИ ЧАЙНЫЕ 4шт Южный цитр";299
100024517790;"Свеча АРОМА МАКСИ ЧАЙНЫЕ 4шт Божественн";299
100024517971;"Корзина FILO L 18л шоколадная";599
100023002143;"Корзина KIS 67140000844";0
100024035430;"Контейнер герметичный ПОЛИМЕРБЫТ BUTTERFLY 0,75л SKY";299
100024035432;"Контейнер герметичный ПОЛИМЕБЫТ  BUTTERFLY  0,8л SKY";299
100024035433;"Контейнер герметичный ПОЛИМЕРБЫТ BUTTERFLY 1,2л SKY";299
100022842095;"Тарелка DOMENIK 1001 nights 27 см";249
100022842118;"Тарелка DOMENIK 1001 nights 23 см";249
100022841931;"Тарелка DOMENIK 1001 Nights 21 см";199
100022841952;"Салатник DOMENIK 1001 nights 15 см";250
100022842007;"Кружка DOMENIK 1001 nights 300 мл";237
100022842062;"Тарелка DOMENIK Heritage 27 см";299
100022842086;"Тарелка DOMENIK Heritage 23 см";249
100022842132;"Салатник DOMENIK Heritage 15 см";209
100022841976;"Салатник DOMENIK Heritage 23 см";349
100022842154;"Кружка DOMENIK Heritage 400 мл";262
100024517988;"Сковорода HARD 20см";1799
100024517990;"Сковорода ВОК HARD 28см";1899
100022838189;"Кружка WELLWARES Flower Fantasy 350 мл";135
100022838221;"Тарелка WELLWARES Flower Fantasy 25 см";245
100022838260;"Тарелка WELLWARES Flower Fantasy 19 см";148
100024517991;"Тарелка обеденная DYNASTY 27см";399
100024517992;"Тарелка суповая DYNASTY 23см";399
100024517993;"Тарелка десертная DYNASTY 21см";299
100013274875;"Чайный сервиз Luminarc Luminarc Trianon 6 персон 220 мл, 1 шт,";1115
100024782116;"Сковорода OPTIMA 24см";1199
100024782117;"Набор форм O Cuisine 3 предмета";899
100024031346;"Сковорода Pyrex Optima глубокая";1205
100022840861;"Чайный сервиз Luminarc Ocean Eclipse";809
100022841198;"Набор столовой посуды Luminarc L5176";1495
100023038859;"Ящик для хранения Полимербыт Артлайн 30 л";931
100024782119;"Чайный набор КАДИКС 220мл (37784)";1096
100013257351;"Набор фужеров Luminarc domino для красного вина 6шт";636;Озон;705;Беру;636
100022836968;"Набор столовой посуды Arcopal Zelie 19 пр";1559
100022840919;"Чайный сервиз Luminarc Rainbow";999
100024782050;"Сушилка для белья 18м";999
100024782120;"Набор 2шт блюдо овальное 30x21см+блюдо п";899
100024782121;"Гладильная доска ТО, ЧТО НАДО 107х29см";899
100022841078;"Набор столовой посуды Luminarc L5108";1549
100022709140;"Гладильная доска напольная Nika Ника 10+ Н1+";1690
100024782051;"Гладильная доска БЕЛЛЬ-КЛАССИК 4 112х35с";1174
100024782365;"Гладильная доска Ника-5";915
100024782122;"Набор блюдо прямоугольное с крышкой 23х1";0
100022838783;"Форма для выпечки Pyrex O Cuisine 466AC00 Прозрачный";999
100024036638;"Столовый сервиз Luminarc L5181";2689
100024782392;"Чайный набор КОЛОР ПЕНСИЛ 7 предметов";689
100024782393;"Чайный набор КОРДЕЛИЯ 7 предметов";967
100022840190;"Чайный набор карин 220 мл черно-белый";1148
100022841060;"Столовый набор амбьянте эклипс 31предмет";2175
100000102402;"Форма для выпекания Pyrex Original 818S3";1399
100024782110;"Гладильная доска ВАЛЕНСИЯ 1 123х45см";2999
100024782126;"Кастрюля с крышкой GREENERY 18х10см 2,5л";1499
100024782395;"Набор фужеров (бокалов) для вина СЕЛЕСТ";835
100024782396;"Столовый набор 19 предметов КАРИН";2050
100024782128;"Кастрюля с крышкой VERSAL 24х13,5см 5л";2299
100000580588;"Гладильная доска напольная Nika Н9";1769
100024782131;"Термокружка HUNTER 450мл";899
100023945704;"Сушка-гармошка ""BRIOSUPER 60""";899
100024782400;"Набор кружек ЭССЕНС 320мл 6шт";799
100022838832;"Контейнер для хранения пищи Pyrex Cook&Store 2 предмета + сумка";999
100024782138;"Этажерка НОВОГОДНИЕ ПОДАРКИ 15/22х27см";1299
100022840836;"Набор фужеров Luminarc domino для красного вина 6шт";594
100024782140;"Сковорода 28cm NATURALMENTE";1299
100024782141;"Бочонок с краником GRAPES 2л";0
100023002063;"Корзина KIS 67160000844";1399
100024782369;"Короб для проводов E-box";899
100022841150;"Столовый набор океан эклипс 31предмет";2045
100000567872;"Гладильная доска Nika Верона-1 ДВ";2800
100024782144;"Сковорода MILANO 28см";999
100024782145;"Этажерка квадратная АРТ 18/28х24см";899
100024782146;"Салатник ПАВЛИН 33см";799
100024782147;"Набор форм для запекания с крышкой Cook&";1199
100024782148;"Чайная пара ЛЕТНИЙ САД 220мл";799
100024782149;"Утятница прямоугольная Pyrex 4,5л";0
100024491395;"Сковорода Moneta Riviera 20см";970
100023038625;"Мусорное ведро Curver Flip Bin 50 л оранжевый";1499
100024782150;"Форма для запекания VINTAGE BLACK прямоу";999
100024782151;"Сковорода MILANO 26см";899
100022838764;"Форма для запекания Pyrex Assimetria 35 х 27 см";0
100024782411;"Столовый набор ЛУИЗ ЭКЛИПС 20 предметов";1506
100024782154;"Этажерка АРТ 18/28х24см";999
100024782155;"Форма для запекания VINTAGE RED прямоуго";999
100024782412;"Набор фужеров (бокалов) для вина ЛЕДИ ДА";0
100001323315;"Сервиз Luminarc Authentic 19 предметов белый (E6197)";3570
100024782157;"Форма для запекания VINTAGE RED овальная";899
100024782158;"Форма для запекания VINTAGE BLACK овальн";899
100024782159;"Чайная пара МАКИ 220мл";799
100024782160;"Набор контейнеров Color 0,4л+1,1л+2,5л";0
100022836415;"Сковорода ATTRIBUTE";1289
100023002287;"Корзина KIS 67100001768";1787
100023038358;"Сковорода Moneta Fuoco 35x25 см";1589
100024782414;"Столовый набор КАРИН ГРАНИТ 18 предметов";1989
100024782165;"Этажерка ОЛЕНЕНОК 15/22х27см";1099
100024782166;"Этажерка СНЕГИРИ 15/22х27см";1099
100024782167;"Этажерка ВЕСЕЛЫЙ СНЕГОВИК 15/22х27см";1099
100024782416;"Столовый набор ТРИАНОН 38 предметов";4299
100024782168;"Кастрюля низкая с крышкой LIME 24х7см 3л";1399
100024782169;"Столовый набор 47 предметов УАЙТ ОРХИД";5799
100024782418;"Чайный набор КОРДЕЛИЯ 12предметов 220мл";999
100024782170;"Контейнер для мусора в ванной комнате KN";1199
100024782171;"Сковорода AVORIO 20см с керамическим покрытием";939
100024782420;"Набор питьевой ДРИМ ГРАС 7предметов";799
100024036693;"Набор стаканов ECLAT L9747 Прозрачный";1299
100001307985;"Коробка Curver Stockholm XL Classico (04711-D41)";799
100022840920;"Набор фужеров Luminarc versailles для красного вина 6шт";989
100023038436;"Корзина Infinity Bamboo бельевая 60 л, 1 шт,";1399
100024028781;"Сковорода Risoli Saporella R90AX1/26T0 26x4 см";1889
100024782176;"Чайная пара ЛЕОПАРД 220мл";799
100024782178;"Блюдо овальное с крышкой O CUISINE Cook&";799
100023945700;"Сушка барабанная ""ROTOR 4""";899
100024782423;"Чайник заварочный CITRUS 1,2л";0
100024782425;"Чайный набор КОЛОР ПЕНСИЛ 12предметов 22";0
100024782185;"Чайная пара ПТИЧКА 220мл";799
100024782186;"Этажерка 3-х секционная с выдвижными лот";699
100024782426;"Набор кружек ВЕЛАДА 6шт 320мл";799
100024028768;"Сковорода MONETA Salvaenergia PLUS M0720128 28x5 см";1199
100024036694;"Кувшин ECLAT Lady Diamond 1,5л";1099
100024028766;"Сковорода MONETA Salvaenergia PLUS M0720124 24x5 см";920
100024782189;"Чайная пара НЕЖНЫЕ ЦВЕТЫ 220мл";799
100024782190;"Набор форм для запекания Classic 35x26см";1099
100024028767;"Сковорода MONETA Salvaenergia PLUS M0720126 26x5 см";999
100022840862;"Набор фужеров Luminarc versailles для красного вина 6шт";1240
100024782375;"Контейнер для мусора FLIP BIN 25л оранже";899
100024782430;"Набор кружек КОЛОР АРТ 6шт 320мл";899
100024782193;"Сковорода ВОК OLIVE 26см";1299
100024782194;"Салатник ВОСТОК 33см";899
100022840957;"Набор рюмок Luminarc версаль 50 мл 6шт";1157
100024782195;"Диспенсер для мыла PURO";899
100024782030;"Этажерка 4-х секционная с выдвижными лот";1099
100024782197;"Корзина для белья INFINITY 59л серая";1199
100022838588;"Комплект для пола моп 12л";748
100023038423;"Бокалы C&S Sublim для шампанского 210 мл 6 шт";1599
100024782431;"Столовый набор РОЗАНА КЛЕВЕР 19 предмето";2264
100024782074;"Гриль Saporella 20x20см";1499
100024782387;"Мультибокс ПРОФИ 5 секций";899
100022709153;"Сушилка для белья напольная НИКА СБ3";629
100023038616;"Мусорное ведро Curver Flip Bin 25 л зеленый";899
100024782200;"Столовый набор 46 предметов РЕД ОРХИД";4691
100024782206;"Набор форм для запекания Classic 35x26см";1199
100024782434;"Набор фужеров (бокалов) ЛЕДИС НАЙТ 700мл";1499
100024475640;"Столовый сервиз Luminarc (Люминарк) Minuet Black Neo N8126";4799
100024782437;"Кувшин ЛОНГШАМП 1,5л";0
100024782211;"Столовый набор 46 предметов ЭССЕНС ФОЛИА";5076
100024782438;"Набор питьевой ДРИМ ГРАС 7предметов";899
100024782212;"Сковорода ETERNO 28см";799
100024782439;"Чайный набор КОРДЕЛИЯ 7 предметов";1099
100024782222;"Ковш BUON APPETITO 16см";899
100024782442;"Набор стаканов ЛОНГШАМП 280мл высокие 6ш";1199
100024782223;"Ерш для туалета KNIT белый";899
100024782224;"Диспенсер для мыла PURO grey";999
100024475637;"Столовый сервиз Luminarc (Люминарк) Lotusia P2217";899
100024782445;"Набор кружек КОРДЕЛИЯ 6шт 320мл";899
100024782227;"Диспансер для мыла PURO anthracite";899
100022841737;"Набор столовых приборов FRAU ERSEL TCS420 20 предметов";0
100022709106;"Гладильная доска напольная Perilla Лиана 211710";2899
100024782230;"Ершик для унитаза POLARIS rose";1099
100024782231;"Коврик пластмассовый для ванной PARADISE";899
100024782233;"Ершик для унитаза MELFI";1499
100024782057;"Утятница O CUISINE 4,0л овальная";0
100024782236;"Блюдо прямоугольное с крышкой O CUISINE";799
100024782237;"Ковш AGATA 16см";1450
100024782240;"Набор столовых приборов CROWN OF FLOWERS";2799
100024782241;"Сковорода 20см ХO";899
100023198911;"Гладильная доска Dogrular Perilla Тифани/Tifany Grey";1968
100024782243;"Ершик для унитаза FOSSIL beige";1399
100024782244;"Коврик пластмассовый для ванной PARADISE";899
100024782245;"Сковорода GUSTO+индукция 28см";1679
100024028780;"Сковорода Risoli Saporella R90AX1/20T0 20x4 см";1590
100024782248;"Кастрюля AGATA 20см";2000
100024782250;"Чайная пара ЛЕТНИЙ САД 200мл";799
100024782251;"Чайник РАЙСКАЯ ПТИЦА 1000мл";1099
100024782252;"Диспенсер для мыла FOSSIL beige";999
100022841932;"Тарелка DOMENIK Blossom 32 см";807
100024782254;"Чайник заварочный ROKSOLANA 1100мл";799
100024028756;"Сотейник MONETA M183680224";2890
100024782449;"Тарелка суповая АЛИЗЭ ПЕРЛ 23см 4шт";0
100024033964;"Корзина для белья Violet Вязь 2060/20 Латте";899
100024782255;"Сковорода блинная FESTIVE 25см индукция";0
100022884914;"Корзина для белья с крышкой Ротанг 40л,(белая)";799
100024782256;"Корзина для белья Вязь 60л белый";899
100022838624;"Этажерка SIJ Новый год NC16080";999
100024033962;"Корзина для белья Violet Вязь 2060/1 Коричневый";899
100024782258;"Этажерка ОЛИВКИ 15/22см";999
100024782259;"Фигура садовая ГНОМ С ЛОПАТОЙ 24х15х46см";1099
100024782450;"Набор питьевой ВИНТЕР ФЛЕЙКС 7предметов";799
100024782260;"Сковорода AGATA 26см";1799
100024782261;"Ершик для унитаза POLARIS blue";1099
100024782262;"Фигура садовая WELCOME 35х19х29см";999
100024782265;"Фигура садовая ГНОМ ОТДЫХАЕТ 26х26х40см";1099
100024782112;"Корзина для белья АРТЛАЙН с крышкой 60л";999
100024782059;"Сотейник с 2-мя ручками 24см ХО";0
100022838463;"Этажерка SIJ Новый год NC17068";899
100024782269;"Столовый набор 46 предметов ДИВАЛИ ДРИМ";4799
100024782270;"Сковорода FLUO индукция 26см";1299
100024782271;"Ковш GUSTO+ индукция 18см";1399
100024782272;"Полка для душа STATIC-LOC maxi";899
100024782277;"Полка угловая для душа STATIC-LOC";999
100024782279;"Держатель туалетной бумаги BOSIO";1399
100024782377;"Ящик 30л DISNEY ТАЧКИ/САМОЛЕТЫ";1199
100024782281;"Этажерка ЗИМНЕЕ ЧУДО 23,3х15,5см";899
100024782282;"Сковорода 20см ХO керамика";1099
100024782283;"Сковрода ВОК GUSTO+индукция 28см";2090
100024782284;"Коврик для ванной 50x80cм CHENILLE grey";1299
100024782285;"Коврик для ванной 50x70cм PARADISE taupe";799
100022838475;"Этажерка SIJ Новый год NC17069";899
100024517849;"Форма для выпечки d 23/1-24/4см GHIDINI";1599
100022838424;"Этажерка SIJ Снеговик NC16083";999
100024028777;"Сковорода Risoli Saporella R90/20T00 20x4 см";1390
100022842236;"Ваза CRISTAL D'ARQUES Лавли 25 см";1399
100024782287;"Полка для душа STATIC-LOC";999
100024782062;"Кастрюля 20см ХO";1499
100022842228;"Набор стаканов мечта 6шт 300мл низкие";1291
100024782289;"Коврик для ванной 50x70cм PARADISE grey";799
100024782291;"Коврик для ванной 50x70cм PARADISE lilac";799
100024782292;"Держатель туалетной бумаги CUBA";899
100024782063;"Сотейник с 2-мя ручками 24см ХO керамика";1499
100024782379;"Ящик 30л DISNEY ПРИНЦЕССЫ/ФЕИ/ВИННИ/МИНИ";1199
100024782294;"Коврик для ванной 50x70cм PARADISE blue";799
100024782295;"Коврик для ванной 50x80cм CHENILLE red";1299
100024782296;"Коврик для ванной 50x80cм CHENILLE blue";1299
100024782297;"Диспенсер для мыла CUBA";1199
100024782298;"Сковорода PETRA 20см";1199
100024782300;"Штанга для полотенца STATIC-LOC";999
100024782301;"Сковорода Nextech 20см";899
100024782302;"Этажерка СКАЗОЧНЫЙ ЛЕС 23,3х15,5см";899
100022842211;"Набор фужеров CRISTAL D'ARQUES reverie для красного вина 6шт";1899
100024782303;"Стакан для зубных щеток CUBA";899
100024782309;"Ершик для унитаза STATIC-LOC";1099
100024782065;"Ковш 16см ХO";999
100024782310;"Коврик для ванной 50x80cм CHENILLE green";1299
100024782311;"Набор тарелок 3шт НАДИН АВРОРА 18см";0
100024782113;"Сушилка MIGLIORE GREY";2196
100024782114;"Сушилка MIGLIORE PLUS GREY";2764
100024032884;"Комод VIOLET 4-х секц, с декором Кукла";2499
100024782313;"Ершик для унитаза PEBBLE STONE";1599
100024782314;"Мыльница CUBA";899
100024782315;"Этажерка ЛУЧШИЕ ДРУЗЬЯ 23,3х15,5см";899
100024782316;"Ящик для елочных игрушек";899
100024782317;"Этажерка СИНИЕ КРУЖЕВА 15/22см";999
100024782322;"Мыльница BOSIO";1399
100024032994;"Наборы для уборки violet 18 л";0
100024782327;"Гладильная доска ИНДЖИ 110х33см";1599
100024782330;"Сковорода PETRA 24см";1399
100024782331;"Этажерка для обуви ELIT mini 5 ПОЛОК (на";899
100024782332;"Этажерка для обуви (10 пар)";1499
100024782333;"Набор мисок Pyrex с крышками 2 шт";0
100024782067;"Ковш 16см ХO керамика";1199
100024782068;"Швабра Rozenbal ПРЕССТО 120 см";799
100001317275;"Сушилка Gimi LIFT 1 мм";1244
100024782341;"Корзина для белья АРТЛАЙН овальная 32л";799
100013225780;"Эконом-Доска гладильная 110*300";647
100024782115;"Корзина для белья 50л";799
100022841162;"Столовый набор океан эклипс 45предметов";2989
100022841916;"Столовый сервиз DOMENIK Meadow DM9373 Белый, разноцветный";4147
100022841866;"Столовый сервиз DOMENIK Caress modern DM9112 Белый";3699
100022840419;"Столовый набор volare, 19 предметов";4873
100022840164;"Набор столовый на 6 персон authentic black & white, 19 предметов";2947
100022841849;"Чайный сервиз DOMENIK Paradise bird на 6 персон";999
100022836826;"Набор кастрюль Attribute ASS625 3шт";0
100022837060;"Набор стаканов и кувшин Arcopal Рок 7 предметов";509
100022841844;"Чайный сервиз DOMENIK Meadow";1489
100022838862;"Утятница Pyrex Овальная 4 л";825
100022840402;"Тарелка Luminarc Trianon 24,5 см";746
100001314003;"Форма для запекания PYREX Essentials 239B000 40x27 см";799
100022838660;"Блюдо Pyrex О cuisine 249BC00/1046 Прозрачный";547
100022840412;"Набор стаканов Luminarc император 300 мл 6шт";515
100022840793;"Кружка для пива Luminarc Мюнхен 2 шт.";386
100022840227;"Набор кружек trianon 5+1 шт,, объем 290 мл (цвет белый)";622
100022842239;"Ваза COK Florero 25 см";499
100022838721;"Блюдо Pyrex О cuisine 346BC00/1046 Прозрачный";499
100001311927;"Форма для запекания PYREX Essentials 346B000 35x24 см";527
100022838825;"Блюдо Pyrex 248BN00ST Прозрачный";351
100001311644;"Набор бокалов Luminarc allegresse для красного вина 300 мл 6шт";564;Озон;589;Беру;589
100001312250;"Форма для запекания Pyrex 408B000";475
100022838805;"Блюдо Pyrex О cuisine 248BC00/1046 Прозрачный";499
100001311751;"Форма для запекания PYREX Essentials 234B000 35х23 см";415
100022840757;"Набор фужеров Luminarc signature для красного вина 6шт";550
100022838729;"Блюдо Pyrex О cuisine 216PC00/1045 Прозрачный";599
100022841950;"Этажерка DOMENIK Caress modern";648
100022841144;"Набор фужеров Luminarc allegresse для красного вина 4шт";490
100022840462;"Блюдо Luminarc Quadrato black 35 см";709
100000008490;"Форма для запекания Optima 407В000 2,2 л";475
100022840662;"Набор фужеров Luminarc signature для шампанского 170 мл 6шт";493
100022840790;"Набор фужеров Luminarc allegresse для красного вина 4шт";405
100022840730;"Набор фужеров Luminarc signature для красного вина 6шт";534
100022840281;"Салатник Luminarc Trianon 12 см";630
100022841105;"Салатник Luminarc Alizee 29 см";450
100022840301;"Кувшин Luminarc Quadro 1,7 л";519
100022840952;"Салатник Luminarc Empilable 23 см";424
100022841980;"Тарелка DOMENIK Farandole 32 см";668
100022840774;"Набор фужеров Luminarc для коньяка 250 мл 6шт";435;Озон;473;Утконос;506
100000008492;"Форма для выпекания Pyrex Блюдо 26см, стекло 818B000/5046";499
100013274786;"Набор фужеров Luminarc french brasserie для шампанского 6шт";405
100001310840;"Миска PYREX Prep & Store 180P000 2 л";599
100022840654;"Набор фужеров Luminarc signature для коньяка 4шт";524
100022840679;"Набор фужеров Luminarc domino для коньяка 4шт";559
100022840298;"Салатник Luminarc Volare 27 см";579
100022840773;"Кувшин Luminarc Quadro 2 л";529
100022840300;"Салатник Luminarc Authentic white 24 см";409
100022841442;"Ландшафтный светильник HOME CENTERS 10138135";699
100022840865;"Салатник Luminarc Maritsa 27 см";596
100022836683;"Ковш ATTRIBUTE Augusta 16 х 9,5 см 1,5 л";599
100022840351;"Салатник Luminarc Bamboo Tree 27 см";299
100022840672;"Банка для хранения Luminarc Club 1,5 л";418
100001309074;"Форма для запекания Pyrex Cook&Store 211P000";479
100022838708;"Блюдо Pyrex О cuisine 211PC00/1046 Прозрачный";440
100001309082;"Форма для запекания PYREX Cook & Store 207P000 20 см";479
100022840506;"Блюдо Luminarc Trianon 35 см";440
100022836865;"Ковш ATTRIBUTE Classic 16 х 7,5 см 1,5 л";514
100022836842;"Кастрюля Attribute classic 1.5л";590
100022842205;"Короб для хранения Curver Infinity 17 л серая";799
100022841458;"Фонарь HOME CENTERS 10138158 на солнечных батареях";510
100022841995;"Тарелка DOMENIK Paradise Bird 26 см";431
100022842025;"Тарелка DOMENIK Once Upon A Time 26 см";486
100022842142;"Короб для хранения Curver Essentials 16 л фиолетовая";599
100022836436;"Штопор Attribute ATV122";399
100000583365;"Чехол для гладильной доски Ника ЧПА3";449
100022797034;"Набор детских столовых приборов Attribute Cultery Jolly Penguin 4 предмета";471
100022840290;"Салатник Luminarc Pop Flowers orange 26,5 см";599
100022840552;"Блюдо Luminarc Hortensia blue 33 см";0
100022836399;"Фужер C&S reveal up для красного вина 450 мл";476
100013260649;"Форма для выпечки Chocolate для мини кексов силиконовая";399
100022841610;"Формочки для печенья dolcetteria 9шт";599
100023002138;"Корзина FILO L 18л бежевая";0
100013274554;"Швабра Rozenbal моп удлиненный хлопок, 1 шт,";499
100024118460;"Держатель для чашек (01952)";699
100022838566;"Кружка SIJ Новый год 310 мл";499
100022838740;"Форма для выпечки Pyrex Assimetria 26 см";0
100022838539;"Кружка SIJ Новый год 330 мл";499
100022838401;"Ароматический диффузор Spaas Эвкалипт 80 мл";599
100022840664;"Набор фужеров Luminarc authentic для красного вина 3шт";0
100001307474;"Корзина для белья Curver My Style 25л темно-коричневый (03613-210)";599
100001307604;"Корзина плетеная Curver My Style 196862 25л";599
100022838704;"Набор для уборки ROZENBAL R500028 Синий, желтый, серый";599
100022838425;"Чашка SIJ Новый год 300 мл";599
100022838567;"Чашка SIJ Новый год 300 мл";699
100022838572;"Набор кружек SIJ Канарейка 300 мл";699
100022838640;"Чашка SIJ Снеговик 300 мл";699
100022841857;"Салатник FIORETTA Romantico 23 см";499
100001305957;"Сушилка для посуды Curver ESSENTIALS 00742-598-00";499
100022841915;"Салатник FIORETTA Versailles 23 см";499
100022838709;"Форма для запекания Pyrex Cook&Store 26 см";599
100022840194;"Салатник green ode, 27 см";384
100022840297;"Салатник Luminarc Crazy Flowers 27 см";293
100022840688;"Салатник Luminarc Fresh Garden blue 27 см";293
100022842075;"Ящик для хранения Curver Stockholm romance 22 л";799
100022836923;"Термос Attribute Urban 1л";699
100001309900;"Набор бокалов Luminarc J8162";570
100022840589;"Набор фужеров Luminarc signature для красного вина 6шт";494
100022836765;"Форма для запекания ATTRIBUTE C решеткой 39 х 28 см";499
100022840782;"Набор фужеров Luminarc french brasserie для красного вина 6шт";365
100024459906;"Табурет круглый Nika «Эконом» Серый ТЭ2/С";0
100022838671;"Кастрюля Pyrex Essentials 2.2л";699
100023983195;"Подвесная этажерка для душевой кабины 'Komfort' (04770)";2099
100023038125;"Мусорный бак Полимербыт 20 л";706
100022836604;"Чайник для плиты ATTRIBUTE Chrome 2,8 л";1399
100022838655;"Кастрюля Pyrex Essentials 1.6л";555
100022841058;"Набор фужеров Luminarc french brasserie для красного вина 6шт";390
100022840747;"Набор стаканов Luminarc Versailles G1651 350 мл";699
100024544049;"Столовый сервиз Domenik Once Upon A Time DM9273 19 предметов";3399
100022836853;"Набор кастрюль Attribute ASS725 3шт";0
100022840095;"Скатерть PAPSTAR Темно-синяя";1099
100022841294;"Кружка РОМАШКА МЕЛОН 320мл";124
100000583299;"Сушилка для белья Ника СБ-4";703
100023477512;"Форма для запекания Pyrex Irresistible 39x28 см";699
100024574488;"Блюдо прямоугольное с крышкой Cook Freez";399
100024574491;"Набор посуды Pyrex 6 предметов";1399
100024574495;"Столовый набор 19 предметов ONCE UPON A";3399
100024574497;"Сковорода глубокая Pyrex Granate 24см индукция";1299
100022841122;"Контейнер для хранения пищи Luminarc Pure Box Active 1,22 л";412
100022841111;"Контейнер для хранения пищи Luminarc Pure Box Active 1,22 л";369
100022841037;"Контейнер для хранения пищи Luminarc Pure Box Active 0,82 л";399
100024574508;"Набор питьевой СВИТ ИМПРЕШН 6 стаканов + кувшин";826
100024574509;"Набор питьевой УАЙТ ОРХИД 6 стаканов + кувшин";799
100024574500;"Кастрюля с крышкой LIME 16х8см 1,5л";1099
100022836396;"Кастрюля Attribute lime 2л";1299
100024574510;"Ковш с крышкой RED LINE 16х9,5см 1,7л";1199
100024574511;"Кастрюля с крышкой RED LINE 20х11,5см 3,3 л";1399
100022836990;"Термос Attribute Family 1л";599
100024574503;"Термос JERSEY 1,8л";799
100024517793;"Термокружка STRETTO 500мл";499
100024517797;"Набор вешалок универсальных REDWOOD прям";515
100024517799;"Ершик туалетный Wenko POLARIS JET черный";1299
100024517808;"Сковорода блинная BROWNIE 25см";1299
100024517809;"Сковорода BROWNIE 26см";1399
100024517813;"Сковорода-гриль BROWNIE 26х26см";1599
100024517819;"Контейнер пищевой прямоугольный TO GO 0,";0
100024517840;"Лопатка гибкая GHIDINI Massari collectio";599
100022842015;"Корзина плетеная Curver My style a4 кремовая";399
100022842181;"Коробка для хранения my style m 13л темно-коричневая";399
100001312381;"Корзина для белья Curver Knit 57л с крышкой белый (03676-X64)";1599
100022836753;"Банка для хранения ATTRIBUTE Fleur 650 мл";150
100024517875;"Форма для запекания ROSSO 39х25см прямо";1099
100024517876;"Форма для запекания ROSSO 39х24см оваль";1099
100024517877;"Форма для запекания VERDE 39х25см прямо";0
100024518014;"Гладильная доска TEFLONIX 130х47см";4199
100024517880;"Доска разделочная GRANITE 25х35см";399
100024517883;"Сушилка МУЛЬТИ 10м";1299
100024517884;"Сушилка ПРЕСТИЖ 20м";1698
100024517887;"Сушилка ПРИМА 20м синяя";1289
100024517891;"Сковорода AVORIO 24см с керамическим покрытием";1199
100024517892;"Сковорода AVORIO 26см с керамическим покрытием";1299
100024517893;"Сковорода AVORIO 28см с керамическим покрытием";1399
100024517894;"Ковш AVORIO с керамическим покрытием с";1099
100022836738;"Форма для запекания ATTRIBUTE Cо съемным дном 25 см";499
100024518015;"Коврик придверный 3D BOOTS 45х75см";799
100022836529;"Коврик придверный Attribute AMJ4060 Черный";499
100024517899;"Форма со съемным дном BLACK DIAMOND 20с";799
100022838766;"Форма для запекания Pyrex Assimetria 40 х 31 см";999
100024518019;"Кастрюля с крышкой RED LINE 18х10,5см 2,3 л";1299
100022836731;"Форма для запекания ATTRIBUTE Round 4 шт.";299
100022840842;"Набор стопок Luminarc icy 60 мл 3шт";105
100022840505;"Набор стопок Luminarc нью-йорк 50 мл 6шт";145
100022840641;"Набор стаканов Luminarc стерлинг 300 мл 6шт";279
100022841046;"Тарелка Luminarc Erine 25 см";239
100022957933;"Тарелка закусочная (десертная) Luminarc Erine, D=18 см";193
100013263123;"Салатник Luminarc ЭРИН 12см";183
100024518024;"Набор питьевой BLUE RIVER 7 предметов";799
100024518025;"Набор питьевой CRIPPER 7 предметов";799
100024518026;"Набор питьевой TULIP 7 предметов";799
100024517946;"Сковорода ANTRACITE GREY 24см индукция";1199
100024517947;"Сковорода ANTRACITE GREY 28см индукция";1499
100024518034;"Форма для запекания SMART CUISINE 11см";178
100022838685;"Чехол для одежды ROZENBAL 100 х 60 см";299
100024517959;"Швабра Rozenbal BASIC с буклированной насадкой";0
100024517960;"Сковорода ORIGIN 20см индукция";1199
100024517961;"Сковорода ORIGIN 24см индукция";1499
100024517962;"Сковорода ORIGIN 26см индукция";1599
100024517963;"Сковорода ORIGIN 28см индукция";1699
100024517964;"Поднос на ножках Fuzhou 50х30см бамбук";999
100024517965;"Корзина для белья VICTOR 40л кремовая";599
100022836545;"Мешок для стирки белья ATTRIBUTE 50 х 40 см";94
100022836561;"Мешок для стирки белья ATTRIBUTE 50 х 70 см";199
100022841922;"Салатник DOMENIK Spring romance 23 см";446
100024518038;"Набор кружек ДИСНЕЙ МИККИ КОЛОРС 6шт 250мл";999
100024517989;"Сотейник HARD 24см с крышкой";2199
100022838245;"Тарелка WELLWARES Flower Fantasy 21 см";189
100024782037;"Набор питьевой БРАЙТОН 13предметов";2228
100024782388;"Столовый набор ОКЕАН ЭКЛИПС 18 предметов";1499
100024782038;"Столовый набор 20 предметов ДИРЕКТОР ГРА";1947
100001382175;"Гладильная доска напольная Nika Nika 12";1939
100024782391;"Набор фужеров (бокалов) для вина СЕЛЕСТ";732
100000583394;"Сушилка для белья Ника 20 м СБ2Б";699
100024782039;"Столовый набор 31 предмет ТРИАНОН ГРАФИТ";2781
100024782123;"Утятница BUON APPETITO 32х21 с крышкой";1937
100024782124;"Кастрюля с крышкой GREENERY 20х11см 3,3л";1699
100024782394;"Столовый набор 18 предметов ТРОМПЕТ";2449
100022840991;"Чайный сервиз Luminarc H1789 Белый";1231
100024782125;"Кастрюля с крышкой VERSAL 20х11,5см 3л";1799
100024782053;"Чайный набор PARADISE BIRD 12 предметов/";1299
100022709146;"Гладильная доска напольная НИКА Эльза Классик ЭЛК";1499
100024782132;"Ковш с крышкой VERSAL 16х9,5см 1,5л";1599
100024782368;"Корзина бельевая INFINITY 60л";1499
100024782397;"Чайный набор КАШИМА ПУРПЛ 12предметов 22";1193
100024782399;"Набор сковород Alpina 24+28см";2999
100022709101;"Гладильная доска напольная Ника Bell Classy 2";918
100022841270;"Набор стаканов и кувшин Luminarc Brighton 7 предметов";0
100024782402;"Набор ЛЮМИКИТ";2199
100024782143;"Чайник заварочный НОВОГОДНИЕ ПОДАРКИ 100";1299
100023002293;"Корзина KIS 67160000842";1499
100024782407;"Столовый набор 19 предметов ТРИАНОН";0
100023002308;"Корзина KIS 67160000843";1499
100022838781;"Блюдо Pyrex О cuisine 247BC00/1047 Прозрачный";395
100013274929;"Противень Pyrex Pyrex 40x30x6 см, 1 шт,";0
100024782043;"Чайник со свистком COOPER 2,5л";0
100023945701;"Сушка барабанная ""ROTOR 6""";1199
100024782161;"Скамейка садовая складная СК";899
100024782044;"Набор форм для запекания АСИМЕТРИЯ 30х24";0
100024782024;"Сковорода Riviera 24см";0
100023038504;"Сковорода Moneta Gusto 25 см";1699
100024491259;"Сковорода Moneta Riviera 28см";1599
100024782025;"Термос SPORT LIFE 1,5л";0
100024782163;"Сковорода блинная Cool Grey 25см индукци";1599
100024782164;"Сковорода блинная ETNEA 24см";1599
100024782034;"Сковорода Diamond+24см индукция";0
100024476172;"Набор форм для запекания Pyrex 912S756OK";1044
100024782026;"Термос SPORT LIFE 1,0л";0
100022842044;"Ведро для мусора Curver 04045-591";1699
100024782175;"Гриль со складной ручкой Dr, Green 36x26";2399
100022709104;"Гладильная доска напольная Ника Stella-classy СТК2";1799
100024782177;"Гриль ETNEA, 28 см";1999
100013274954;"Корзина для белья Curver 00707";0
100024782179;"Ящик на колёсах FUNNY BOX 46л светло-гол";1699
100022841246;"Набор стаканов Luminarc Elises N1082 Прозрачный";799
100022709119;"Сушилка для белья напольная НИКА СБ3Б";755
100024782180;"Кастрюля FLAME 1л витрокерамика";1499
100024782181;"Ящик на колёсах FUNNY BOX 46л розовый";1699
100024782182;"Чайник заварочный ВЕСЕЛЫЙ СНЕГОВИК 1000м";1399
100024782183;"Чайник заварочный ОЛЕНЕНОК 1000мл";1399
100024782184;"Чайник заварочный СНЕГИРИ 1000мл";1399
100024036568;"Контейнер для хранения пищи Luminarc Pure Box Active J7335";0
100024782429;"Чайный набор КОРДЕЛИЯ 13 предметов";1499
100024782370;"Контейнер для мусора FLIP BIN 50л красны";0
100024782371;"Контейнер для мусора FLIP BIN 50л зелены";1499
100024782372;"Контейнер для мусора FLIP BIN 50л оранже";1499
100024782373;"Контейнер для мусора FLIP BIN 50л голубо";1499
100024782191;"Набор кастрюль AUGUSTA 3 предмета";2064
100024782192;"Сотейник с крышкой OLIVE 26см";1699
100022836629;"Блинная сковорода Attribute AFO326 Коричневый";1199
100024782199;"Чайник заварочный МАКИ 1000мл";1299
100000016308;"Кастрюля Pyrex Slow Cook 3.6л";5399
100024782376;"Сумка для покупок KNIT белая 25л";999
100024782432;"Чайный набор БАТТУТО 220мл";1399
100024782204;"Сковорода HARD 24см";0
100024782435;"Набор кружек ЛИРИК 6шт 320мл";799
100024782436;"Чайный набор КОЛОР ПЕНСИЛ 13 предметов";1499
100024782208;"Этажерка МАКИ 15/22x27см";1199
100000016307;"Кастрюля Pyrex Slow Cook 2.2л";4369
100024782215;"Гладильная доска TEFLONIX HOME GOLD 110х";2299
100024782216;"Чайный набор CARINE NOIR 12 предметов";1273
100022841974;"Столовый сервиз DOMENIK Fruits bouquet DM9213 Белый, разноцветный";3599
100024782221;"Сковорода OPTIMUM 28см + лопатка Attribu";1599
100024862167;"Столовый набор 31 предмет ТРИАНОН ГРАФИТ";2899
100024782225;"Ершик для унитаза POTTERY petrol";1299
100024782444;"Чайный набор CARINE BLANC 12 предметов";1074
100024782229;"Диспенсер для мыла PALO taupe";1299
100024862168;"Набор питьевой САЙРУС 7 предметов";699
100024782446;"Набор фужеров (бокалов) для коктейля ИЛЛ";1599
100024028759;"Сковорода MONETA Greystone M3060124 24x5 см";1021
100024036647;"Набор бокалов для вина ECLAT Longchamp 6шт, 250мл";0
100024782239;"Сковорода GUSTO+индукция 20см";1190
100024782253;"Кастрюля для курицы 2,4л+3,5л";0
100023198778;"Гладильная доска Dogrular Perilla Виктория/Victoria";1749
100024028758;"Сковорода MONETA Greystone M3060126 26x5 см";1142
100024782257;"Чайник СОВУШКИ 1000мл";1099
100022842194;"Корзина для белья Curver Style 45 л кремовая";1090
100024028775;"Кастрюля для запекания Pyrex";0
100024782266;"Этажерка ЛЕСНАЯ ПОЛЯНА 15/22см";999
100024782267;"Сковорода SOLIDA 24";1699
100024782268;"Сотейник Riviera 24см";1290
100024782452;"Столовый набор 19 предметов КАРИН МОДЕРН";0
100024782276;"Чайная пара ПТИЧКА 200мл";799
100024782280;"Чайник ОЛИВКИ 1000мл";1099
100024782288;"Сковорода AGATA 22см";1599
100024782293;"Сковорода 28см ХO керамика";1599
100024782064;"Сотейник БЬЯНКА 20см";1199
100024782304;"Сковорода ВОК PETRA 28см";1799
100024782305;"Чайник ЛЕСНАЯ ПОЛЯНА 1000мл";1099
100024782308;"Штанга для полотенца CUBA";1499
100024517804;"Штанга для шторы в ванную Wenko телескопическая белая";1099
100024140523;"Комод 4-х секционный декор 40*47*94 см, ""Элегант темный"" (модель 0352/72 ""Элегант темный"")";2599
100024782066;"Кастрюля 20см ХO керамика";1599
100024782319;"Этажерка НЕЖНЫЕ ЦВЕТЫ 15/22x27см";1199
100024782320;"Этажерка ПТИЧКА 15/22x27см";1199
100024782321;"Держатель туалетной бумаги с крышкой BOS";1699
100024782382;"Комод 4-х секционный с декором ДЕРЕВО ЗН";2599
100024782383;"Комод 4-х секционный с декором Дерево";2599
100024782329;"Ящик для игрушек ФИКСИКИ 30л";738
100022838453;"Сковорода-вок TVS Вок Деко 28 см";2399
100024782335;"Решетка для барбекю РУБИН 26x32x6см";0
100024782337;"Столовый набор 46 предметов КАРИН МЕНУЭТ";0
100024782338;"Гладильная доска CLASSIC TOP ELECTRO DRA";0
100024782339;"Гладильная доска CLASSIC TOP ELECTRO AZU";0
100024782340;"Коробки для пирожных 20шт 20x13x9см Розо";0
100024869720;"Коробка INFINITY перфорированная с крышкой 17л розовая";699
100022836432;"Кастрюля Attribute lime 3л";1399
100022883648;"Корзина для белья Curver 228410";1599
100024517886;"Сушилка ПРИМА 18м синяя";1108
100024517913;"Ланчбокс HOMIO 740мл";299
100024517934;"Сахарница 13см";399
100024782405;"Набор питьевой ИМПЕРАТОР 7предметов";1099
100024782263;"Набор стаканов 6шт ЛОНГШАМП 230мл низкие";0
100024782440;"Набор стаканов ИЛЛЮМИНЕЙШН 380мл низкие";1176
100024782451;"Столовый набор НЬЮ КАРИН ЭКЛИПС 19предме";1990
100024782385;"Свеча в стакане АРОМА ПРЕМИУМ свежесть";499
100024782386;"Свеча в стакане АРОМА ПРЕМИУМ ягодный к";499
100024782343;"Свеча АРОМА СТОЛБИК 8/15см Тропический";399
100024782344;"Свеча АРОМА СТОЛБИК 8/15см Цветущая маг";399
100024782070;"Свеча АРОМА СТОЛБИК 8/15см Мятный хамма";399
100024782347;"Свеча АРОМА СТОЛБИК 8/15см Ягодный кокт";399
100024782348;"Свеча АРОМА СТОЛБИК 8/15см Южный цитрус";399
100024782357;"Свеча в стакане АРОМА ПРЕМИУМ Тропическ";499
100024782358;"Свеча в стакане АРОМА ПРЕМИУМ Ванильный";499
100024782359;"Свеча в стакане АРОМА ПРЕМИУМ Цветущая";499
100024782072;"Свеча в стакане АРОМА ПРЕМИУМ Яблоко с";499
100024782361;"Свеча в стакане АРОМА ПРЕМИУМ Мятный ха";499
100024782362;"Свеча в стакане АРОМА ПРЕМИУМ Волшебная";499
100024782363;"Свеча в стакане АРОМА ПРЕМИУМ Южный цит";499
100024782364;"Свеча в стакане АРОМА ПРЕМИУМ Божествен";499
100024782324;"Стакан для зубных щеток BOSIO";1499
100024782286;"Держатель туалетной бумаги с крышкой CUB";999
100024782249;"Сковорода Agata 24см";1899
100024782219;"Ершик для унитаза PURO anthracite";1599
100024782234;"Чайник заварочный ЛЕОПАРД 1000мл";1299
100024782196;"Ершик для унитаза POTTERY sand";1299
100024782198;"Чайник заварочный ПТИЧКА 1000мл";1399
100024782201;"Ершик для унитаза POLARIS purple";1099
100024782202;"Чайник заварочный НЕЖНЫЕ ЦВЕТЫ 1000мл";1399
100024782203;"Ершик для унитаза PURO";1599
100024782205;"Чайник заварочный ЛЕТНИЙ САД 1000мл";1399
100024782187;"Ящик на колёсах FUNNY BOX 46л сине/красн";1499
100024782135;"Набор Pyrex для запекания 35х27см+35х22с";0
100024782142;"Чайный набор MEADOW 12 предметов/250мл";1799
100024782152;"Набор для влажной уборки пола EASY SPIN";0
100024782153;"Набор VITA 6 предметов";1499
100024517968;"Корзина FILO ХS 3,5л сиреневая";299
100024782129;"Кастрюля с крышкой VERSAL 18х10,5см 2л";1699
100024782345;"Свеча АРОМА СТОЛБИК 8/15см Дикая орхиде";399
100024782346;"Свеча АРОМА СТОЛБИК 8/15см Волшебная ку";399
100024782360;"Свеча в стакане АРОМА ПРЕМИУМ Дикая орх";499
100024517967;"Корзина FILO ХS 3,5л шоколадная";299
100024517969;"Корзина FILO M 12л шоколадная";499
100024517970;"Корзина FILO M 12л бежевая";499
100001309112;"Форма для запекания PYREX Cook & Store 216P000 28х20 см";590
100023039313;"Свеча SPAAS Яблоко с корицей 15 см";399
100022841183;"Набор детский Luminarc 3предмета Disney Frozen L0872";1399
100022842068;"Ведро для мусора Curver 04045-844";0
100024517803;"Штанга для шторы в ванную Wenko телескопическая хром";1099
100024518021;"Чайник стеклянный с фильтром CAMILLA 10";299
100024517931;"Креманка BRIVERRE 200мл";199
100024517933;"Ваза FLORERO 30см";599
100024518037;"Свеча АРОМА СТОЛБИК 8/15см 65ч в ассорт";399
100024517914;"Ланчбокс JOY 950мл";299
100024518004;"Набор для ланча прямоугольный TO GO KIT";0
100024518005;"Набор для ланча прямоугольный TO GO KIT";499
100024518008;"Набор для ланча квадратный TO GO KIT 1,1";0
100024518010;"Овощечистка GHIDINI Massari collection";399
100024518018;"Коврик придверный PARQUET кокосовый 75x";899
100024517966;"Корзина для белья VICTOR 40л темно-коричневая";499
100024517973;"Мешок для стирки объемных вещей 50х70см";199
100024517912;"Ланчбокс круглый 780мл";299
100024517928;"Салатник BRIVERRE 10см на ножках";199
100024517929;"Сахарница BRIVERRE 300мл";199
100024517936;"Блюдо декоративное АРТ 30x22см";399
100024517944;"Сковорода MILANO 20см";699
100024517945;"Сковорода ANTRACITE GREY 20см индукция";999
100024517831;"Венчик GHIDINI Viva!";299
100024517832;"Картофелемялка GHIDINI Viva!";399
100024517859;"Коробка для хранения MY STYLE L темно-коричневая";499
100024517866;"Корзина YOUR STYLE L серая";399
100024517800;"Мыльница керамическая POLARIS JUWEL silv";399
100024517801;"Диспенсер для мыла Wenko POLARIS керамический";599
100024517802;"Ершик туалетный Wenko POLARIS JUWEL серебристый";1299
100024517805;"Ковш BROWNIE 16см с крышкой";1299
100024517806;"Сковорода BROWNIE 20см";999
100024517810;"Сковорода BROWNIE 28см";1499
100024517814;"Сковорода ВОК BROWNIE 28см";1499
100024517820;"Набор для ланча квадратный TO GO KIT 1,1";0
100024517825;"Пресс для чеснока GHIDINI Viva!";499
100024517827;"Овощечистка горизонтальная GHIDINI Viva!";299
100024517787;"Свеча АРОМА СТОЛБИК 8/15см Божественный";399
100022842016;"Вешалка DOMCRAFT Walnut 44 см 4 шт.";499
100022836806;"Вешалка ATTRIBUTE Siluet white 44 см 4 шт.";499
100024517999;"Контейнер пищевой прямоугольный FRESH 1,";399
100024518000;"Контейнер пищевой квадратный FRESH 1,1л";399
100024518001;"Контейнер пищевой квадратный FRESH 1,1л";399
100024518002;"Контейнер пищевой прямоугольный TO GO 0,";0
100024518011;"Контейнер-кружка пищевой круглый TO GO";0
100024518012;"Контейнер для мусора FLIP BIN 25л голубой";799
100022842131;"Ящик для хранения Curver Textilebox 34 x 20 x 13 см 5,7 л";299
100001305437;"Корзина для белья Curver Knit 8л темно-коричневый (03674-X59)";499
100001305768;"Форма для запекания Pyrex AS24SR0 24х24см коричневый";699
100024517919;"Контейнер пищевой Fresh Mix 500мл";199
100024517924;"Контейнер пищевой Graphite 800мл";0
100024574492;"Набор форм для запекания и выпечки Class";0
100024517995;"Контейнер пищевой прямоугольный FRESH 0,";399
100024517996;"Контейнер пищевой прямоугольный FRESH 0,";399
100024517998;"Контейнер пищевой прямоугольный FRESH 1,";399
100024518007;"Контейнер пищевой квадратный с приборами";0
100024518009;"Контейнер-кружка пищевой круглый TO GO 0";0
100024517821;"Контейнер SMART MULTI-USE  для СВЧ 0,7л";399
100024518006;"Контейнер пищевой квадратный с приборами";0
100024517916;"Контейнер пищевой Lock and Store 1100мл";199
100024517997;"Контейнер пищевой прямоугольный FRESH 1,";399
100022842207;"Корзина для белья Curver Ribbon s 27 x 21 x 17 см фиолетовая";299
100022842001;"Корзина для белья Curver Ribbon s 27 x 21 x 17 см белая";299
100022842197;"Коробка для хранения my style l кремовая";499
100022842119;"Ящик для хранения Curver Amsterdam Skyline 6 л";399
100022836754;"Форма для запекания ATTRIBUTE 28 х 12 см";299
100022836744;"Форма для выпечки Attribute ABS302 Серый";299
100022836852;"Форма для выпечки Attribute ABS307 Оранжевый";299
100022836791;"Набор разделочных досок ATTRIBUTE Flexi 30 x 23 см 3 шт.";199
100022836453;"Френч-пресс ATTRIBUTE Basic color 350 мл";299
100022836502;"Орехокол Attribute ATV600 Серебристый";299
100022836458;"Яйцерезка ATTRIBUTE Viva green";199
100022838715;"Форма для запекания Pyrex Цирк";599
100022838772;"Форма для запекания Pyrex Цифры";599
100022838598;"Сменная насадка для швабры ROZENBAL Бежевая Веревочная";299
100022838482;"Тряпка для пола ROZENBAL 40х50 см";199
100022838621;"Скребок для окон ROZENBAL С рукояткой";199
100022838548;"Тряпка для пола ROZENBAL 100х50 см";199
100022838595;"Сменная насадка для швабры ROZENBAL Розовая Тряпичная";199
